Pays,Lat,Long,Date,Deces
,,,,
Allemagne,50.74599, 9.766473,2020-04-28,6161
,,,,
Allemagne,50.74599, 9.766473,2020-04-27,6126
,,,,
Allemagne,50.74599, 9.766473,2020-04-26,5976
,,,,
Allemagne,50.74599, 9.766473,2020-04-25,5877
,,,,
Allemagne,50.74599, 9.766473,2020-04-24,5760
,,,,
Allemagne,50.74599, 9.766473,2020-04-23,5575
,,,,
Allemagne,50.74599, 9.766473,2020-04-22,5279
,,,,
Allemagne,50.74599, 9.766473,2020-04-21,5033
,,,,
Allemagne,50.74599, 9.766473,2020-04-20,4862
,,,,
Allemagne,50.74599, 9.766473,2020-04-19,4586
,,,,
Allemagne,50.74599, 9.766473,2020-04-18,4459
,,,,
Allemagne,50.74599, 9.766473,2020-04-17,4352
,,,,
Allemagne,50.74599, 9.766473,2020-04-16,4052
,,,,
Allemagne,50.74599, 9.766473,2020-04-15,3804
,,,,
Allemagne,50.74599, 9.766473,2020-04-14,3294
,,,,
Allemagne,50.74599, 9.766473,2020-04-13,3194
,,,,
Allemagne,50.74599, 9.766473,2020-04-12,3022
,,,,
Allemagne,50.74599, 9.766473,2020-04-11,2736
,,,,
Allemagne,50.74599, 9.766473,2020-04-10,2767
,,,,
Allemagne,50.74599, 9.766473,2020-04-09,2607
,,,,
Allemagne,50.74599, 9.766473,2020-04-08,2349
,,,,
Allemagne,50.74599, 9.766473,2020-04-07,2016
,,,,
Allemagne,50.74599, 9.766473,2020-04-06,1810
,,,,
Allemagne,50.74599, 9.766473,2020-04-05,1584
,,,,
Allemagne,50.74599, 9.766473,2020-04-04,1444
,,,,
Allemagne,50.74599, 9.766473,2020-04-03,1275
,,,,
Allemagne,50.74599, 9.766473,2020-04-02,1107
,,,,
Allemagne,50.74599, 9.766473,2020-04-01,920
,,,,
Allemagne,50.74599, 9.766473,2020-03-31,775
,,,,
Allemagne,50.74599, 9.766473,2020-03-30,645
,,,,
Allemagne,50.74599, 9.766473,2020-03-29,533
,,,,
Allemagne,50.74599, 9.766473,2020-03-28,433
,,,,
Allemagne,50.74599, 9.766473,2020-03-27,342
,,,,
Allemagne,50.74599, 9.766473,2020-03-26,267
,,,,
Allemagne,50.74599, 9.766473,2020-03-25,206
,,,,
Allemagne,50.74599, 9.766473,2020-03-24,157
,,,,
Allemagne,50.74599, 9.766473,2020-03-23,123
,,,,
Allemagne,50.74599, 9.766473,2020-03-22,94
,,,,
Allemagne,50.74599, 9.766473,2020-03-21,84
,,,,
Allemagne,50.74599, 9.766473,2020-03-20,67
,,,,
Allemagne,50.74599, 9.766473,2020-03-19,44
,,,,
Allemagne,50.74599, 9.766473,2020-03-18,28
,,,,
Allemagne,50.74599, 9.766473,2020-03-17,24
,,,,
Allemagne,50.74599, 9.766473,2020-03-16,17
,,,,
Allemagne,50.74599, 9.766473,2020-03-15,11
,,,,
Allemagne,50.74599, 9.766473,2020-03-14,9
,,,,
Allemagne,50.74599, 9.766473,2020-03-13,7
,,,,
Allemagne,50.74599, 9.766473,2020-03-12,6
,,,,
Allemagne,50.74599, 9.766473,2020-03-11,3
,,,,
Allemagne,50.74599, 9.766473,2020-03-10,2
,,,,
Allemagne,50.74599, 9.766473,2020-03-09,2
,,,,
Allemagne,50.74599, 9.766473,2020-03-08,0
,,,,
Allemagne,50.74599, 9.766473,2020-03-07,0
,,,,
Allemagne,50.74599, 9.766473,2020-03-06,0
,,,,
Allemagne,50.74599, 9.766473,2020-03-05,0
,,,,
Allemagne,50.74599, 9.766473,2020-03-04,0
,,,,
Allemagne,50.74599, 9.766473,2020-03-03,0
,,,,
Allemagne,50.74599, 9.766473,2020-03-02,0
,,,,
Allemagne,50.74599, 9.766473,2020-03-01,0
,,,,
Allemagne,50.74599, 9.766473,2020-02-29,0
,,,,
Allemagne,50.74599, 9.766473,2020-02-28,0
,,,,
Allemagne,50.74599, 9.766473,2020-02-27,0
,,,,
Allemagne,50.74599, 9.766473,2020-02-26,0
,,,,
Allemagne,50.74599, 9.766473,2020-02-25,0
,,,,
Allemagne,50.74599, 9.766473,2020-02-24,0
,,,,
Allemagne,50.74599, 9.766473,2020-02-23,0
,,,,
Allemagne,50.74599, 9.766473,2020-02-22,0
,,,,
Allemagne,50.74599, 9.766473,2020-02-21,0
,,,,
Allemagne,50.74599, 9.766473,2020-02-20,0
,,,,
Allemagne,50.74599, 9.766473,2020-02-19,0
,,,,
Allemagne,50.74599, 9.766473,2020-02-18,0
,,,,
Allemagne,50.74599, 9.766473,2020-02-17,0
,,,,
Allemagne,50.74599, 9.766473,2020-02-16,0
,,,,
Allemagne,50.74599, 9.766473,2020-02-15,0
,,,,
Allemagne,50.74599, 9.766473,2020-02-14,0
,,,,
Allemagne,50.74599, 9.766473,2020-02-13,0
,,,,
Allemagne,50.74599, 9.766473,2020-02-12,0
,,,,
Allemagne,50.74599, 9.766473,2020-02-11,0
,,,,
Allemagne,50.74599, 9.766473,2020-02-10,0
,,,,
Allemagne,50.74599, 9.766473,2020-02-09,0
,,,,
Allemagne,50.74599, 9.766473,2020-02-08,0
,,,,
Allemagne,50.74599, 9.766473,2020-02-07,0
,,,,
Allemagne,50.74599, 9.766473,2020-02-06,0
,,,,
Allemagne,50.74599, 9.766473,2020-02-05,0
,,,,
Allemagne,50.74599, 9.766473,2020-02-04,0
,,,,
Allemagne,50.74599, 9.766473,2020-02-03,0
,,,,
Allemagne,50.74599, 9.766473,2020-02-02,0
,,,,
Allemagne,50.74599, 9.766473,2020-02-01,0
,,,,
Allemagne,50.74599, 9.766473,2020-01-31,0
,,,,
Allemagne,50.74599, 9.766473,2020-01-30,0
,,,,
Allemagne,50.74599, 9.766473,2020-01-29,0
,,,,
Allemagne,50.74599, 9.766473,2020-01-28,0
,,,,
Autriche,47.200033,13.199959,2020-04-28,569
,,,,
Autriche,47.200033,13.199959,2020-04-27,549
,,,,
Autriche,47.200033,13.199959,2020-04-26,542
,,,,
Autriche,47.200033,13.199959,2020-04-25,536
,,,,
Autriche,47.200033,13.199959,2020-04-24,530
,,,,
Autriche,47.200033,13.199959,2020-04-23,522
,,,,
Autriche,47.200033,13.199959,2020-04-22,510
,,,,
Autriche,47.200033,13.199959,2020-04-21,491
,,,,
Autriche,47.200033,13.199959,2020-04-20,470
,,,,
Autriche,47.200033,13.199959,2020-04-19,452
,,,,
Autriche,47.200033,13.199959,2020-04-18,443
,,,,
Autriche,47.200033,13.199959,2020-04-17,431
,,,,
Autriche,47.200033,13.199959,2020-04-16,410
,,,,
Autriche,47.200033,13.199959,2020-04-15,393
,,,,
Autriche,47.200033,13.199959,2020-04-14,384
,,,,
Autriche,47.200033,13.199959,2020-04-13,368
,,,,
Autriche,47.200033,13.199959,2020-04-12,350
,,,,
Autriche,47.200033,13.199959,2020-04-11,337
,,,,
Autriche,47.200033,13.199959,2020-04-10,319
,,,,
Autriche,47.200033,13.199959,2020-04-09,295
,,,,
Autriche,47.200033,13.199959,2020-04-08,273
,,,,
Autriche,47.200033,13.199959,2020-04-07,243
,,,,
Autriche,47.200033,13.199959,2020-04-06,220
,,,,
Autriche,47.200033,13.199959,2020-04-05,204
,,,,
Autriche,47.200033,13.199959,2020-04-04,186
,,,,
Autriche,47.200033,13.199959,2020-04-03,168
,,,,
Autriche,47.200033,13.199959,2020-04-02,158
,,,,
Autriche,47.200033,13.199959,2020-04-01,146
,,,,
Autriche,47.200033,13.199959,2020-03-31,128
,,,,
Autriche,47.200033,13.199959,2020-03-30,108
,,,,
Autriche,47.200033,13.199959,2020-03-29,86
,,,,
Autriche,47.200033,13.199959,2020-03-28,68
,,,,
Autriche,47.200033,13.199959,2020-03-27,58
,,,,
Autriche,47.200033,13.199959,2020-03-26,49
,,,,
Autriche,47.200033,13.199959,2020-03-25,30
,,,,
Autriche,47.200033,13.199959,2020-03-24,28
,,,,
Autriche,47.200033,13.199959,2020-03-23,21
,,,,
Autriche,47.200033,13.199959,2020-03-22,16
,,,,
Autriche,47.200033,13.199959,2020-03-21,8
,,,,
Autriche,47.200033,13.199959,2020-03-20,6
,,,,
Autriche,47.200033,13.199959,2020-03-19,6
,,,,
Autriche,47.200033,13.199959,2020-03-18,4
,,,,
Autriche,47.200033,13.199959,2020-03-17,3
,,,,
Autriche,47.200033,13.199959,2020-03-16,3
,,,,
Autriche,47.200033,13.199959,2020-03-15,1
,,,,
Autriche,47.200033,13.199959,2020-03-14,1
,,,,
Autriche,47.200033,13.199959,2020-03-13,1
,,,,
Autriche,47.200033,13.199959,2020-03-12,1
,,,,
Autriche,47.200033,13.199959,2020-03-11,0
,,,,
Autriche,47.200033,13.199959,2020-03-10,0
,,,,
Autriche,47.200033,13.199959,2020-03-09,0
,,,,
Autriche,47.200033,13.199959,2020-03-08,0
,,,,
Autriche,47.200033,13.199959,2020-03-07,0
,,,,
Autriche,47.200033,13.199959,2020-03-06,0
,,,,
Autriche,47.200033,13.199959,2020-03-05,0
,,,,
Autriche,47.200033,13.199959,2020-03-04,0
,,,,
Autriche,47.200033,13.199959,2020-03-03,0
,,,,
Autriche,47.200033,13.199959,2020-03-02,0
,,,,
Autriche,47.200033,13.199959,2020-03-01,0
,,,,
Autriche,47.200033,13.199959,2020-02-29,0
,,,,
Autriche,47.200033,13.199959,2020-02-28,0
,,,,
Autriche,47.200033,13.199959,2020-02-27,0
,,,,
Autriche,47.200033,13.199959,2020-02-26,0
,,,,
Autriche,47.200033,13.199959,2020-02-25,0
,,,,
Belgique,50.728141,4.511679,2020-04-28,7331
,,,,
Belgique,50.728141,4.511679,2020-04-27,7207
,,,,
Belgique,50.728141,4.511679,2020-04-26,7094
,,,,
Belgique,50.728141,4.511679,2020-04-25,6917
,,,,
Belgique,50.728141,4.511679,2020-04-24,6679
,,,,
Belgique,50.728141,4.511679,2020-04-23,6490
,,,,
Belgique,50.728141,4.511679,2020-04-22,6262
,,,,
Belgique,50.728141,4.511679,2020-04-21,5998
,,,,
Belgique,50.728141,4.511679,2020-04-20,5828
,,,,
Belgique,50.728141,4.511679,2020-04-19,5683
,,,,
Belgique,50.728141,4.511679,2020-04-18,5453
,,,,
Belgique,50.728141,4.511679,2020-04-17,5163
,,,,
Belgique,50.728141,4.511679,2020-04-16,4857
,,,,
Belgique,50.728141,4.511679,2020-04-15,4440
,,,,
Belgique,50.728141,4.511679,2020-04-14,4157
,,,,
Belgique,50.728141,4.511679,2020-04-13,3903
,,,,
Belgique,50.728141,4.511679,2020-04-12,3600
,,,,
Belgique,50.728141,4.511679,2020-04-11,3346
,,,,
Belgique,50.728141,4.511679,2020-04-10,3019
,,,,
Belgique,50.728141,4.511679,2020-04-09,2523
,,,,
Belgique,50.728141,4.511679,2020-04-08,2240
,,,,
Belgique,50.728141,4.511679,2020-04-07,2035
,,,,
Belgique,50.728141,4.511679,2020-04-06,1632
,,,,
Belgique,50.728141,4.511679,2020-04-05,1447
,,,,
Belgique,50.728141,4.511679,2020-04-04,1283
,,,,
Belgique,50.728141,4.511679,2020-04-03,1143
,,,,
Belgique,50.728141,4.511679,2020-04-02,1011
,,,,
Belgique,50.728141,4.511679,2020-04-01,828
,,,,
Belgique,50.728141,4.511679,2020-03-31,705
,,,,
Belgique,50.728141,4.511679,2020-03-30,513
,,,,
Belgique,50.728141,4.511679,2020-03-29,431
,,,,
Belgique,50.728141,4.511679,2020-03-28,353
,,,,
Belgique,50.728141,4.511679,2020-03-27,289
,,,,
Belgique,50.728141,4.511679,2020-03-26,220
,,,,
Belgique,50.728141,4.511679,2020-03-25,178
,,,,
Belgique,50.728141,4.511679,2020-03-24,122
,,,,
Belgique,50.728141,4.511679,2020-03-23,88
,,,,
Belgique,50.728141,4.511679,2020-03-22,75
,,,,
Belgique,50.728141,4.511679,2020-03-21,67
,,,,
Belgique,50.728141,4.511679,2020-03-20,37
,,,,
Belgique,50.728141,4.511679,2020-03-19,21
,,,,
Belgique,50.728141,4.511679,2020-03-18,14
,,,,
Belgique,50.728141,4.511679,2020-03-17,10
,,,,
Belgique,50.728141,4.511679,2020-03-16,5
,,,,
Belgique,50.728141,4.511679,2020-03-15,4
,,,,
Belgique,50.728141,4.511679,2020-03-14,4
,,,,
Belgique,50.728141,4.511679,2020-03-13,3
,,,,
Belgique,50.728141,4.511679,2020-03-12,3
,,,,
Belgique,50.728141,4.511679,2020-03-11,3
,,,,
Belgique,50.728141,4.511679,2020-03-10,0
,,,,
Belgique,50.728141,4.511679,2020-03-09,0
,,,,
Belgique,50.728141,4.511679,2020-03-08,0
,,,,
Belgique,50.728141,4.511679,2020-03-07,0
,,,,
Belgique,50.728141,4.511679,2020-03-06,0
,,,,
Belgique,50.728141,4.511679,2020-03-05,0
,,,,
Belgique,50.728141,4.511679,2020-03-04,0
,,,,
Belgique,50.728141,4.511679,2020-03-03,0
,,,,
Belgique,50.728141,4.511679,2020-03-02,0
,,,,
Belgique,50.728141,4.511679,2020-03-01,0
,,,,
Belgique,50.728141,4.511679,2020-02-29,0
,,,,
Belgique,50.728141,4.511679,2020-02-28,0
,,,,
Belgique,50.728141,4.511679,2020-02-27,0
,,,,
Belgique,50.728141,4.511679,2020-02-26,0
,,,,
Belgique,50.728141,4.511679,2020-02-25,0
,,,,
Belgique,50.728141,4.511679,2020-02-24,0
,,,,
Belgique,50.728141,4.511679,2020-02-23,0
,,,,
Belgique,50.728141,4.511679,2020-02-22,0
,,,,
Belgique,50.728141,4.511679,2020-02-21,0
,,,,
Belgique,50.728141,4.511679,2020-02-20,0
,,,,
Belgique,50.728141,4.511679,2020-02-19,0
,,,,
Belgique,50.728141,4.511679,2020-02-18,0
,,,,
Belgique,50.728141,4.511679,2020-02-17,0
,,,,
Belgique,50.728141,4.511679,2020-02-16,0
,,,,
Belgique,50.728141,4.511679,2020-02-15,0
,,,,
Belgique,50.728141,4.511679,2020-02-14,0
,,,,
Belgique,50.728141,4.511679,2020-02-13,0
,,,,
Belgique,50.728141,4.511679,2020-02-12,0
,,,,
Belgique,50.728141,4.511679,2020-02-11,0
,,,,
Belgique,50.728141,4.511679,2020-02-10,0
,,,,
Belgique,50.728141,4.511679,2020-02-09,0
,,,,
Belgique,50.728141,4.511679,2020-02-08,0
,,,,
Belgique,50.728141,4.511679,2020-02-07,0
,,,,
Belgique,50.728141,4.511679,2020-02-06,0
,,,,
Belgique,50.728141,4.511679,2020-02-05,0
,,,,
Belgique,50.728141,4.511679,2020-02-04,0
,,,,
Bulgarie,42.583782,25.357713,2020-04-28,58
,,,,
Bulgarie,42.583782,25.357713,2020-04-27,58
,,,,
Bulgarie,42.583782,25.357713,2020-04-26,56
,,,,
Bulgarie,42.583782,25.357713,2020-04-25,55
,,,,
Bulgarie,42.583782,25.357713,2020-04-24,54
,,,,
Bulgarie,42.583782,25.357713,2020-04-23,52
,,,,
Bulgarie,42.583782,25.357713,2020-04-22,49
,,,,
Bulgarie,42.583782,25.357713,2020-04-21,45
,,,,
Bulgarie,42.583782,25.357713,2020-04-20,43
,,,,
Bulgarie,42.583782,25.357713,2020-04-19,42
,,,,
Bulgarie,42.583782,25.357713,2020-04-18,41
,,,,
Bulgarie,42.583782,25.357713,2020-04-17,41
,,,,
Bulgarie,42.583782,25.357713,2020-04-16,38
,,,,
Bulgarie,42.583782,25.357713,2020-04-15,36
,,,,
Bulgarie,42.583782,25.357713,2020-04-14,35
,,,,
Bulgarie,42.583782,25.357713,2020-04-13,32
,,,,
Bulgarie,42.583782,25.357713,2020-04-12,29
,,,,
Bulgarie,42.583782,25.357713,2020-04-11,28
,,,,
Bulgarie,42.583782,25.357713,2020-04-10,25
,,,,
Bulgarie,42.583782,25.357713,2020-04-09,24
,,,,
Bulgarie,42.583782,25.357713,2020-04-08,24
,,,,
Bulgarie,42.583782,25.357713,2020-04-07,23
,,,,
Bulgarie,42.583782,25.357713,2020-04-06,22
,,,,
Bulgarie,42.583782,25.357713,2020-04-05,20
,,,,
Bulgarie,42.583782,25.357713,2020-04-04,17
,,,,
Bulgarie,42.583782,25.357713,2020-04-03,14
,,,,
Bulgarie,42.583782,25.357713,2020-04-02,10
,,,,
Bulgarie,42.583782,25.357713,2020-04-01,10
,,,,
Bulgarie,42.583782,25.357713,2020-03-31,8
,,,,
Bulgarie,42.583782,25.357713,2020-03-30,8
,,,,
Bulgarie,42.583782,25.357713,2020-03-29,8
,,,,
Bulgarie,42.583782,25.357713,2020-03-28,7
,,,,
Bulgarie,42.583782,25.357713,2020-03-27,3
,,,,
Bulgarie,42.583782,25.357713,2020-03-26,3
,,,,
Bulgarie,42.583782,25.357713,2020-03-25,3
,,,,
Bulgarie,42.583782,25.357713,2020-03-24,3
,,,,
Bulgarie,42.583782,25.357713,2020-03-23,3
,,,,
Bulgarie,42.583782,25.357713,2020-03-22,3
,,,,
Bulgarie,42.583782,25.357713,2020-03-21,3
,,,,
Bulgarie,42.583782,25.357713,2020-03-20,3
,,,,
Bulgarie,42.583782,25.357713,2020-03-19,3
,,,,
Bulgarie,42.583782,25.357713,2020-03-18,2
,,,,
Bulgarie,42.583782,25.357713,2020-03-17,2
,,,,
Bulgarie,42.583782,25.357713,2020-03-16,2
,,,,
Bulgarie,42.583782,25.357713,2020-03-15,2
,,,,
Bulgarie,42.583782,25.357713,2020-03-14,2
,,,,
Bulgarie,42.583782,25.357713,2020-03-13,1
,,,,
Bulgarie,42.583782,25.357713,2020-03-12,1
,,,,
Bulgarie,42.583782,25.357713,2020-03-11,1
,,,,
Bulgarie,42.583782,25.357713,2020-03-10,0
,,,,
Bulgarie,42.583782,25.357713,2020-03-09,0
,,,,
Bulgarie,42.583782,25.357713,2020-03-08,0
,,,,
Chypre,34.982301,33.145128,2020-04-28,15
,,,,
Chypre,34.982301,33.145128,2020-04-27,15
,,,,
Chypre,34.982301,33.145128,2020-04-26,14
,,,,
Chypre,34.982301,33.145128,2020-04-25,14
,,,,
Chypre,34.982301,33.145128,2020-04-24,14
,,,,
Chypre,34.982301,33.145128,2020-04-23,13
,,,,
Chypre,34.982301,33.145128,2020-04-22,13
,,,,
Chypre,34.982301,33.145128,2020-04-21,12
,,,,
Chypre,34.982301,33.145128,2020-04-20,12
,,,,
Chypre,34.982301,33.145128,2020-04-19,12
,,,,
Chypre,34.982301,33.145128,2020-04-18,12
,,,,
Chypre,34.982301,33.145128,2020-04-17,12
,,,,
Chypre,34.982301,33.145128,2020-04-16,12
,,,,
Chypre,34.982301,33.145128,2020-04-15,12
,,,,
Chypre,34.982301,33.145128,2020-04-14,12
,,,,
Chypre,34.982301,33.145128,2020-04-13,12
,,,,
Chypre,34.982301,33.145128,2020-04-12,11
,,,,
Chypre,34.982301,33.145128,2020-04-11,10
,,,,
Chypre,34.982301,33.145128,2020-04-10,10
,,,,
Chypre,34.982301,33.145128,2020-04-09,10
,,,,
Chypre,34.982301,33.145128,2020-04-08,9
,,,,
Chypre,34.982301,33.145128,2020-04-07,9
,,,,
Chypre,34.982301,33.145128,2020-04-06,9
,,,,
Chypre,34.982301,33.145128,2020-04-05,9
,,,,
Chypre,34.982301,33.145128,2020-04-04,11
,,,,
Chypre,34.982301,33.145128,2020-04-03,11
,,,,
Chypre,34.982301,33.145128,2020-04-02,10
,,,,
Chypre,34.982301,33.145128,2020-04-01,9
,,,,
Chypre,34.982301,33.145128,2020-03-31,8
,,,,
Chypre,34.982301,33.145128,2020-03-30,7
,,,,
Chypre,34.982301,33.145128,2020-03-29,5
,,,,
Chypre,34.982301,33.145128,2020-03-28,5
,,,,
Chypre,34.982301,33.145128,2020-03-27,5
,,,,
Chypre,34.982301,33.145128,2020-03-26,3
,,,,
Chypre,34.982301,33.145128,2020-03-25,3
,,,,
Chypre,34.982301,33.145128,2020-03-24,3
,,,,
Chypre,34.982301,33.145128,2020-03-23,1
,,,,
Chypre,34.982301,33.145128,2020-03-22,1
,,,,
Chypre,34.982301,33.145128,2020-03-21,0
,,,,
Chypre,34.982301,33.145128,2020-03-20,0
,,,,
Chypre,34.982301,33.145128,2020-03-19,0
,,,,
Chypre,34.982301,33.145128,2020-03-18,0
,,,,
Chypre,34.982301,33.145128,2020-03-17,0
,,,,
Chypre,34.982301,33.145128,2020-03-16,0
,,,,
Chypre,34.982301,33.145128,2020-03-15,0
,,,,
Chypre,34.982301,33.145128,2020-03-14,0
,,,,
Chypre,34.982301,33.145128,2020-03-13,0
,,,,
Chypre,34.982301,33.145128,2020-03-12,0
,,,,
Chypre,34.982301,33.145128,2020-03-11,0
,,,,
Chypre,34.982301,33.145128,2020-03-10,0
,,,,
Chypre,34.982301,33.145128,2020-03-09,0
,,,,
Croatie,45.673257,16.483329,2020-04-28,63
,,,,
Croatie,45.673257,16.483329,2020-04-27,59
,,,,
Croatie,45.673257,16.483329,2020-04-26,55
,,,,
Croatie,45.673257,16.483329,2020-04-25,54
,,,,
Croatie,45.673257,16.483329,2020-04-24,51
,,,,
Croatie,45.673257,16.483329,2020-04-23,50
,,,,
Croatie,45.673257,16.483329,2020-04-22,48
,,,,
Croatie,45.673257,16.483329,2020-04-21,48
,,,,
Croatie,45.673257,16.483329,2020-04-20,47
,,,,
Croatie,45.673257,16.483329,2020-04-19,47
,,,,
Croatie,45.673257,16.483329,2020-04-18,39
,,,,
Croatie,45.673257,16.483329,2020-04-17,36
,,,,
Croatie,45.673257,16.483329,2020-04-16,35
,,,,
Croatie,45.673257,16.483329,2020-04-15,33
,,,,
Croatie,45.673257,16.483329,2020-04-14,31
,,,,
Croatie,45.673257,16.483329,2020-04-13,25
,,,,
Croatie,45.673257,16.483329,2020-04-12,23
,,,,
Croatie,45.673257,16.483329,2020-04-11,21
,,,,
Croatie,45.673257,16.483329,2020-04-10,21
,,,,
Croatie,45.673257,16.483329,2020-04-09,20
,,,,
Croatie,45.673257,16.483329,2020-04-08,19
,,,,
Croatie,45.673257,16.483329,2020-04-07,18
,,,,
Croatie,45.673257,16.483329,2020-04-06,16
,,,,
Croatie,45.673257,16.483329,2020-04-05,15
,,,,
Croatie,45.673257,16.483329,2020-04-04,12
,,,,
Croatie,45.673257,16.483329,2020-04-03,8
,,,,
Croatie,45.673257,16.483329,2020-04-02,7
,,,,
Croatie,45.673257,16.483329,2020-04-01,6
,,,,
Croatie,45.673257,16.483329,2020-03-31,6
,,,,
Croatie,45.673257,16.483329,2020-03-30,6
,,,,
Croatie,45.673257,16.483329,2020-03-29,6
,,,,
Croatie,45.673257,16.483329,2020-03-28,5
,,,,
Croatie,45.673257,16.483329,2020-03-27,3
,,,,
Croatie,45.673257,16.483329,2020-03-26,3
,,,,
Croatie,45.673257,16.483329,2020-03-25,1
,,,,
Croatie,45.673257,16.483329,2020-03-24,1
,,,,
Croatie,45.673257,16.483329,2020-03-23,1
,,,,
Croatie,45.673257,16.483329,2020-03-22,1
,,,,
Croatie,45.673257,16.483329,2020-03-21,1
,,,,
Croatie,45.673257,16.483329,2020-03-20,1
,,,,
Croatie,45.673257,16.483329,2020-03-19,1
,,,,
Croatie,45.673257,16.483329,2020-03-18,0
,,,,
Croatie,45.673257,16.483329,2020-03-17,0
,,,,
Croatie,45.673257,16.483329,2020-03-16,0
,,,,
Croatie,45.673257,16.483329,2020-03-15,0
,,,,
Croatie,45.673257,16.483329,2020-03-14,0
,,,,
Croatie,45.673257,16.483329,2020-03-13,0
,,,,
Croatie,45.673257,16.483329,2020-03-12,0
,,,,
Croatie,45.673257,16.483329,2020-03-11,0
,,,,
Croatie,45.673257,16.483329,2020-03-10,0
,,,,
Croatie,45.673257,16.483329,2020-03-09,0
,,,,
Croatie,45.673257,16.483329,2020-03-08,0
,,,,
Croatie,45.673257,16.483329,2020-03-07,0
,,,,
Croatie,45.673257,16.483329,2020-03-06,0
,,,,
Croatie,45.673257,16.483329,2020-03-05,0
,,,,
Croatie,45.673257,16.483329,2020-03-04,0
,,,,
Croatie,45.673257,16.483329,2020-03-03,0
,,,,
Croatie,45.673257,16.483329,2020-03-02,0
,,,,
Croatie,45.673257,16.483329,2020-03-01,0
,,,,
Croatie,45.673257,16.483329,2020-02-29,0
,,,,
Croatie,45.673257,16.483329,2020-02-28,0
,,,,
Croatie,45.673257,16.483329,2020-02-27,0
,,,,
Croatie,45.673257,16.483329,2020-02-26,0
,,,,
Croatie,45.673257,16.483329,2020-02-25,0
,,,,
Danemark,56.131198,9.116544,2020-04-28,434
,,,,
Danemark,56.131198,9.116544,2020-04-27,427
,,,,
Danemark,56.131198,9.116544,2020-04-26,422
,,,,
Danemark,56.131198,9.116544,2020-04-25,418
,,,,
Danemark,56.131198,9.116544,2020-04-24,403
,,,,
Danemark,56.131198,9.116544,2020-04-23,394
,,,,
Danemark,56.131198,9.116544,2020-04-22,384
,,,,
Danemark,56.131198,9.116544,2020-04-21,370
,,,,
Danemark,56.131198,9.116544,2020-04-20,364
,,,,
Danemark,56.131198,9.116544,2020-04-19,355
,,,,
Danemark,56.131198,9.116544,2020-04-18,346
,,,,
Danemark,56.131198,9.116544,2020-04-17,336
,,,,
Danemark,56.131198,9.116544,2020-04-16,321
,,,,
Danemark,56.131198,9.116544,2020-04-15,309
,,,,
Danemark,56.131198,9.116544,2020-04-14,299
,,,,
Danemark,56.131198,9.116544,2020-04-13,285
,,,,
Danemark,56.131198,9.116544,2020-04-12,273
,,,,
Danemark,56.131198,9.116544,2020-04-11,260
,,,,
Danemark,56.131198,9.116544,2020-04-10,247
,,,,
Danemark,56.131198,9.116544,2020-04-09,237
,,,,
Danemark,56.131198,9.116544,2020-04-08,218
,,,,
Danemark,56.131198,9.116544,2020-04-07,203
,,,,
Danemark,56.131198,9.116544,2020-04-06,187
,,,,
Danemark,56.131198,9.116544,2020-04-05,179
,,,,
Danemark,56.131198,9.116544,2020-04-04,161
,,,,
Danemark,56.131198,9.116544,2020-04-03,139
,,,,
Danemark,56.131198,9.116544,2020-04-02,123
,,,,
Danemark,56.131198,9.116544,2020-04-01,104
,,,,
Danemark,56.131198,9.116544,2020-03-31,90
,,,,
Danemark,56.131198,9.116544,2020-03-30,77
,,,,
Danemark,56.131198,9.116544,2020-03-29,72
,,,,
Danemark,56.131198,9.116544,2020-03-28,65
,,,,
Danemark,56.131198,9.116544,2020-03-27,52
,,,,
Danemark,56.131198,9.116544,2020-03-26,41
,,,,
Danemark,56.131198,9.116544,2020-03-25,34
,,,,
Danemark,56.131198,9.116544,2020-03-24,32
,,,,
Danemark,56.131198,9.116544,2020-03-23,24
,,,,
Danemark,56.131198,9.116544,2020-03-22,13
,,,,
Danemark,56.131198,9.116544,2020-03-21,13
,,,,
Danemark,56.131198,9.116544,2020-03-20,9
,,,,
Danemark,56.131198,9.116544,2020-03-19,6
,,,,
Danemark,56.131198,9.116544,2020-03-18,4
,,,,
Danemark,56.131198,9.116544,2020-03-17,4
,,,,
Danemark,56.131198,9.116544,2020-03-16,3
,,,,
Danemark,56.131198,9.116544,2020-03-15,2
,,,,
Danemark,56.131198,9.116544,2020-03-14,1
,,,,
Danemark,56.131198,9.116544,2020-03-13,0
,,,,
Danemark,56.131198,9.116544,2020-03-12,0
,,,,
Danemark,56.131198,9.116544,2020-03-11,0
,,,,
Danemark,56.131198,9.116544,2020-03-10,0
,,,,
Danemark,56.131198,9.116544,2020-03-09,0
,,,,
Danemark,56.131198,9.116544,2020-03-08,0
,,,,
Danemark,56.131198,9.116544,2020-03-07,0
,,,,
Danemark,56.131198,9.116544,2020-03-06,0
,,,,
Danemark,56.131198,9.116544,2020-03-05,0
,,,,
Danemark,56.131198,9.116544,2020-03-04,0
,,,,
Danemark,56.131198,9.116544,2020-03-03,0
,,,,
Danemark,56.131198,9.116544,2020-03-02,0
,,,,
Danemark,56.131198,9.116544,2020-03-01,0
,,,,
Danemark,56.131198,9.116544,2020-02-29,0
,,,,
Danemark,56.131198,9.116544,2020-02-28,0
,,,,
Danemark,56.131198,9.116544,2020-02-27,0
,,,,
Espagne,40.340856,-3.082582,2020-04-28,23822
,,,,
Espagne,40.340856,-3.082582,2020-04-27,23521
,,,,
Espagne,40.340856,-3.082582,2020-04-26,23190
,,,,
Espagne,40.340856,-3.082582,2020-04-25,22902
,,,,
Espagne,40.340856,-3.082582,2020-04-24,22524
,,,,
Espagne,40.340856,-3.082582,2020-04-23,22157
,,,,
Espagne,40.340856,-3.082582,2020-04-22,21717
,,,,
Espagne,40.340856,-3.082582,2020-04-21,21282
,,,,
Espagne,40.340856,-3.082582,2020-04-20,20852
,,,,
Espagne,40.340856,-3.082582,2020-04-19,20453
,,,,
Espagne,40.340856,-3.082582,2020-04-18,20043
,,,,
Espagne,40.340856,-3.082582,2020-04-17,20002
,,,,
Espagne,40.340856,-3.082582,2020-04-16,19315
,,,,
Espagne,40.340856,-3.082582,2020-04-15,18708
,,,,
Espagne,40.340856,-3.082582,2020-04-14,18056
,,,,
Espagne,40.340856,-3.082582,2020-04-13,17756
,,,,
Espagne,40.340856,-3.082582,2020-04-12,17209
,,,,
Espagne,40.340856,-3.082582,2020-04-11,16606
,,,,
Espagne,40.340856,-3.082582,2020-04-10,16081
,,,,
Espagne,40.340856,-3.082582,2020-04-09,15447
,,,,
Espagne,40.340856,-3.082582,2020-04-08,14792
,,,,
Espagne,40.340856,-3.082582,2020-04-07,14045
,,,,
Espagne,40.340856,-3.082582,2020-04-06,13341
,,,,
Espagne,40.340856,-3.082582,2020-04-05,12641
,,,,
Espagne,40.340856,-3.082582,2020-04-04,11947
,,,,
Espagne,40.340856,-3.082582,2020-04-03,11198
,,,,
Espagne,40.340856,-3.082582,2020-04-02,10348
,,,,
Espagne,40.340856,-3.082582,2020-04-01,9387
,,,,
Espagne,40.340856,-3.082582,2020-03-31,8464
,,,,
Espagne,40.340856,-3.082582,2020-03-30,7716
,,,,
Espagne,40.340856,-3.082582,2020-03-29,6803
,,,,
Espagne,40.340856,-3.082582,2020-03-28,5982
,,,,
Espagne,40.340856,-3.082582,2020-03-27,5138
,,,,
Espagne,40.340856,-3.082582,2020-03-26,4365
,,,,
Espagne,40.340856,-3.082582,2020-03-25,3647
,,,,
Espagne,40.340856,-3.082582,2020-03-24,2808
,,,,
Espagne,40.340856,-3.082582,2020-03-23,2311
,,,,
Espagne,40.340856,-3.082582,2020-03-22,1756
,,,,
Espagne,40.340856,-3.082582,2020-03-21,1375
,,,,
Espagne,40.340856,-3.082582,2020-03-20,1043
,,,,
Espagne,40.340856,-3.082582,2020-03-19,830
,,,,
Espagne,40.340856,-3.082582,2020-03-18,623
,,,,
Espagne,40.340856,-3.082582,2020-03-17,533
,,,,
Espagne,40.340856,-3.082582,2020-03-16,342
,,,,
Espagne,40.340856,-3.082582,2020-03-15,289
,,,,
Espagne,40.340856,-3.082582,2020-03-14,195
,,,,
Espagne,40.340856,-3.082582,2020-03-13,133
,,,,
Espagne,40.340856,-3.082582,2020-03-12,86
,,,,
Espagne,40.340856,-3.082582,2020-03-11,54
,,,,
Espagne,40.340856,-3.082582,2020-03-10,35
,,,,
Espagne,40.340856,-3.082582,2020-03-09,28
,,,,
Espagne,40.340856,-3.082582,2020-03-08,17
,,,,
Espagne,40.340856,-3.082582,2020-03-07,10
,,,,
Espagne,40.340856,-3.082582,2020-03-06,5
,,,,
Espagne,40.340856,-3.082582,2020-03-05,3
,,,,
Espagne,40.340856,-3.082582,2020-03-04,2
,,,,
Espagne,40.340856,-3.082582,2020-03-03,1
,,,,
Espagne,40.340856,-3.082582,2020-03-02,0
,,,,
Espagne,40.340856,-3.082582,2020-03-01,0
,,,,
Espagne,40.340856,-3.082582,2020-02-29,0
,,,,
Espagne,40.340856,-3.082582,2020-02-28,0
,,,,
Espagne,40.340856,-3.082582,2020-02-27,0
,,,,
Espagne,40.340856,-3.082582,2020-02-26,0
,,,,
Espagne,40.340856,-3.082582,2020-02-25,0
,,,,
Espagne,40.340856,-3.082582,2020-02-24,0
,,,,
Espagne,40.340856,-3.082582,2020-02-23,0
,,,,
Espagne,40.340856,-3.082582,2020-02-22,0
,,,,
Espagne,40.340856,-3.082582,2020-02-21,0
,,,,
Espagne,40.340856,-3.082582,2020-02-20,0
,,,,
Espagne,40.340856,-3.082582,2020-02-19,0
,,,,
Espagne,40.340856,-3.082582,2020-02-18,0
,,,,
Espagne,40.340856,-3.082582,2020-02-17,0
,,,,
Espagne,40.340856,-3.082582,2020-02-16,0
,,,,
Espagne,40.340856,-3.082582,2020-02-15,0
,,,,
Espagne,40.340856,-3.082582,2020-02-14,0
,,,,
Espagne,40.340856,-3.082582,2020-02-13,0
,,,,
Espagne,40.340856,-3.082582,2020-02-12,0
,,,,
Espagne,40.340856,-3.082582,2020-02-11,0
,,,,
Espagne,40.340856,-3.082582,2020-02-10,0
,,,,
Espagne,40.340856,-3.082582,2020-02-09,0
,,,,
Espagne,40.340856,-3.082582,2020-02-08,0
,,,,
Espagne,40.340856,-3.082582,2020-02-07,0
,,,,
Espagne,40.340856,-3.082582,2020-02-06,0
,,,,
Espagne,40.340856,-3.082582,2020-02-05,0
,,,,
Espagne,40.340856,-3.082582,2020-02-04,0
,,,,
Espagne,40.340856,-3.082582,2020-02-03,0
,,,,
Espagne,40.340856,-3.082582,2020-02-02,0
,,,,
Espagne,40.340856,-3.082582,2020-02-01,0
,,,,
Estonie,58.752377,25.331907,2020-04-28,50
,,,,
Estonie,58.752377,25.331907,2020-04-27,50
,,,,
Estonie,58.752377,25.331907,2020-04-26,49
,,,,
Estonie,58.752377,25.331907,2020-04-25,46
,,,,
Estonie,58.752377,25.331907,2020-04-24,46
,,,,
Estonie,58.752377,25.331907,2020-04-23,45
,,,,
Estonie,58.752377,25.331907,2020-04-22,44
,,,,
Estonie,58.752377,25.331907,2020-04-21,43
,,,,
Estonie,58.752377,25.331907,2020-04-20,40
,,,,
Estonie,58.752377,25.331907,2020-04-19,40
,,,,
Estonie,58.752377,25.331907,2020-04-18,38
,,,,
Estonie,58.752377,25.331907,2020-04-17,38
,,,,
Estonie,58.752377,25.331907,2020-04-16,36
,,,,
Estonie,58.752377,25.331907,2020-04-15,35
,,,,
Estonie,58.752377,25.331907,2020-04-14,31
,,,,
Estonie,58.752377,25.331907,2020-04-13,28
,,,,
Estonie,58.752377,25.331907,2020-04-12,25
,,,,
Estonie,58.752377,25.331907,2020-04-11,24
,,,,
Estonie,58.752377,25.331907,2020-04-10,24
,,,,
Estonie,58.752377,25.331907,2020-04-09,24
,,,,
Estonie,58.752377,25.331907,2020-04-08,24
,,,,
Estonie,58.752377,25.331907,2020-04-07,21
,,,,
Estonie,58.752377,25.331907,2020-04-06,19
,,,,
Estonie,58.752377,25.331907,2020-04-05,15
,,,,
Estonie,58.752377,25.331907,2020-04-04,13
,,,,
Estonie,58.752377,25.331907,2020-04-03,12
,,,,
Estonie,58.752377,25.331907,2020-04-02,11
,,,,
Estonie,58.752377,25.331907,2020-04-01,5
,,,,
Estonie,58.752377,25.331907,2020-03-31,4
,,,,
Estonie,58.752377,25.331907,2020-03-30,3
,,,,
Estonie,58.752377,25.331907,2020-03-29,3
,,,,
Estonie,58.752377,25.331907,2020-03-28,1
,,,,
Estonie,58.752377,25.331907,2020-03-27,1
,,,,
Estonie,58.752377,25.331907,2020-03-26,1
,,,,
Estonie,58.752377,25.331907,2020-03-25,1
,,,,
Estonie,58.752377,25.331907,2020-03-24,0
,,,,
Estonie,58.752377,25.331907,2020-03-23,0
,,,,
Estonie,58.752377,25.331907,2020-03-22,0
,,,,
Estonie,58.752377,25.331907,2020-03-21,0
,,,,
Estonie,58.752377,25.331907,2020-03-20,0
,,,,
Estonie,58.752377,25.331907,2020-03-19,0
,,,,
Estonie,58.752377,25.331907,2020-03-18,0
,,,,
Estonie,58.752377,25.331907,2020-03-17,0
,,,,
Estonie,58.752377,25.331907,2020-03-16,0
,,,,
Estonie,58.752377,25.331907,2020-03-15,0
,,,,
Estonie,58.752377,25.331907,2020-03-14,0
,,,,
Estonie,58.752377,25.331907,2020-03-13,0
,,,,
Estonie,58.752377,25.331907,2020-03-12,0
,,,,
Estonie,58.752377,25.331907,2020-03-11,0
,,,,
Estonie,58.752377,25.331907,2020-03-10,0
,,,,
Estonie,58.752377,25.331907,2020-03-09,0
,,,,
Estonie,58.752377,25.331907,2020-03-08,0
,,,,
Estonie,58.752377,25.331907,2020-03-07,0
,,,,
Estonie,58.752377,25.331907,2020-03-06,0
,,,,
Estonie,58.752377,25.331907,2020-03-05,0
,,,,
Estonie,58.752377,25.331907,2020-03-04,0
,,,,
Estonie,58.752377,25.331907,2020-03-03,0
,,,,
Estonie,58.752377,25.331907,2020-03-02,0
,,,,
Estonie,58.752377,25.331907,2020-03-01,0
,,,,
Estonie,58.752377,25.331907,2020-02-29,0
,,,,
Estonie,58.752377,25.331907,2020-02-28,0
,,,,
Estonie,58.752377,25.331907,2020-02-27,0
,,,,
Finlande,63.763860,26.078146,2020-04-28,199
,,,,
Finlande,63.763860,26.078146,2020-04-27,193
,,,,
Finlande,63.763860,26.078146,2020-04-26,190
,,,,
Finlande,63.763860,26.078146,2020-04-25,186
,,,,
Finlande,63.763860,26.078146,2020-04-24,177
,,,,
Finlande,63.763860,26.078146,2020-04-23,172
,,,,
Finlande,63.763860,26.078146,2020-04-22,149
,,,,
Finlande,63.763860,26.078146,2020-04-21,141
,,,,
Finlande,63.763860,26.078146,2020-04-20,98
,,,,
Finlande,63.763860,26.078146,2020-04-19,94
,,,,
Finlande,63.763860,26.078146,2020-04-18,90
,,,,
Finlande,63.763860,26.078146,2020-04-17,82
,,,,
Finlande,63.763860,26.078146,2020-04-16,75
,,,,
Finlande,63.763860,26.078146,2020-04-15,72
,,,,
Finlande,63.763860,26.078146,2020-04-14,64
,,,,
Finlande,63.763860,26.078146,2020-04-13,59
,,,,
Finlande,63.763860,26.078146,2020-04-12,56
,,,,
Finlande,63.763860,26.078146,2020-04-11,49
,,,,
Finlande,63.763860,26.078146,2020-04-10,48
,,,,
Finlande,63.763860,26.078146,2020-04-09,42
,,,,
Finlande,63.763860,26.078146,2020-04-08,40
,,,,
Finlande,63.763860,26.078146,2020-04-07,34
,,,,
Finlande,63.763860,26.078146,2020-04-06,27
,,,,
Finlande,63.763860,26.078146,2020-04-05,28
,,,,
Finlande,63.763860,26.078146,2020-04-04,25
,,,,
Finlande,63.763860,26.078146,2020-04-03,20
,,,,
Finlande,63.763860,26.078146,2020-04-02,19
,,,,
Finlande,63.763860,26.078146,2020-04-01,17
,,,,
Finlande,63.763860,26.078146,2020-03-31,17
,,,,
Finlande,63.763860,26.078146,2020-03-30,13
,,,,
Finlande,63.763860,26.078146,2020-03-29,11
,,,,
Finlande,63.763860,26.078146,2020-03-28,9
,,,,
Finlande,63.763860,26.078146,2020-03-27,7
,,,,
Finlande,63.763860,26.078146,2020-03-26,5
,,,,
Finlande,63.763860,26.078146,2020-03-25,3
,,,,
Finlande,63.763860,26.078146,2020-03-24,1
,,,,
Finlande,63.763860,26.078146,2020-03-23,1
,,,,
Finlande,63.763860,26.078146,2020-03-22,1
,,,,
Finlande,63.763860,26.078146,2020-03-21,1
,,,,
Finlande,63.763860,26.078146,2020-03-20,0
,,,,
Finlande,63.763860,26.078146,2020-03-19,0
,,,,
Finlande,63.763860,26.078146,2020-03-18,0
,,,,
Finlande,63.763860,26.078146,2020-03-17,0
,,,,
Finlande,63.763860,26.078146,2020-03-16,0
,,,,
Finlande,63.763860,26.078146,2020-03-15,0
,,,,
Finlande,63.763860,26.078146,2020-03-14,0
,,,,
Finlande,63.763860,26.078146,2020-03-13,0
,,,,
Finlande,63.763860,26.078146,2020-03-12,0
,,,,
Finlande,63.763860,26.078146,2020-03-11,0
,,,,
Finlande,63.763860,26.078146,2020-03-10,0
,,,,
Finlande,63.763860,26.078146,2020-03-09,0
,,,,
Finlande,63.763860,26.078146,2020-03-08,0
,,,,
Finlande,63.763860,26.078146,2020-03-07,0
,,,,
Finlande,63.763860,26.078146,2020-03-06,0
,,,,
Finlande,63.763860,26.078146,2020-03-05,0
,,,,
Finlande,63.763860,26.078146,2020-03-04,0
,,,,
Finlande,63.763860,26.078146,2020-03-03,0
,,,,
Finlande,63.763860,26.078146,2020-03-02,0
,,,,
Finlande,63.763860,26.078146,2020-03-01,0
,,,,
Finlande,63.763860,26.078146,2020-02-29,0
,,,,
Finlande,63.763860,26.078146,2020-02-28,0
,,,,
Finlande,63.763860,26.078146,2020-02-27,0
,,,,
Finlande,63.763860,26.078146,2020-02-26,0
,,,,
Finlande,63.763860,26.078146,2020-02-25,0
,,,,
Finlande,63.763860,26.078146,2020-02-24,0
,,,,
Finlande,63.763860,26.078146,2020-02-23,0
,,,,
Finlande,63.763860,26.078146,2020-02-22,0
,,,,
Finlande,63.763860,26.078146,2020-02-21,0
,,,,
Finlande,63.763860,26.078146,2020-02-20,0
,,,,
Finlande,63.763860,26.078146,2020-02-19,0
,,,,
Finlande,63.763860,26.078146,2020-02-18,0
,,,,
Finlande,63.763860,26.078146,2020-02-17,0
,,,,
Finlande,63.763860,26.078146,2020-02-16,0
,,,,
Finlande,63.763860,26.078146,2020-02-15,0
,,,,
Finlande,63.763860,26.078146,2020-02-14,0
,,,,
Finlande,63.763860,26.078146,2020-02-13,0
,,,,
Finlande,63.763860,26.078146,2020-02-12,0
,,,,
Finlande,63.763860,26.078146,2020-02-11,0
,,,,
Finlande,63.763860,26.078146,2020-02-10,0
,,,,
Finlande,63.763860,26.078146,2020-02-09,0
,,,,
Finlande,63.763860,26.078146,2020-02-08,0
,,,,
Finlande,63.763860,26.078146,2020-02-07,0
,,,,
Finlande,63.763860,26.078146,2020-02-06,0
,,,,
Finlande,63.763860,26.078146,2020-02-05,0
,,,,
Finlande,63.763860,26.078146,2020-02-04,0
,,,,
Finlande,63.763860,26.078146,2020-02-03,0
,,,,
Finlande,63.763860,26.078146,2020-02-02,0
,,,,
Finlande,63.763860,26.078146,2020-02-01,0
,,,,
Finlande,63.763860,26.078146,2020-01-31,0
,,,,
Finlande,63.763860,26.078146,2020-01-30,0
,,,,
Finlande,63.763860,26.078146,2020-01-29,0
,,,,
France,46.954994, 2.396425,2020-04-28,23293
,,,,
France,46.954994, 2.396425,2020-04-27,23293
,,,,
France,46.954994, 2.396425,2020-04-26,22856
,,,,
France,46.954994, 2.396425,2020-04-25,22614
,,,,
France,46.954994, 2.396425,2020-04-24,22245
,,,,
France,46.954994, 2.396425,2020-04-23,21856
,,,,
France,46.954994, 2.396425,2020-04-22,21340
,,,,
France,46.954994, 2.396425,2020-04-21,20796
,,,,
France,46.954994, 2.396425,2020-04-20,20265
,,,,
France,46.954994, 2.396425,2020-04-19,19718
,,,,
France,46.954994, 2.396425,2020-04-18,19323
,,,,
France,46.954994, 2.396425,2020-04-17,18681
,,,,
France,46.954994, 2.396425,2020-04-16,17920
,,,,
France,46.954994, 2.396425,2020-04-15,17167
,,,,
France,46.954994, 2.396425,2020-04-14,15729
,,,,
France,46.954994, 2.396425,2020-04-13,14967
,,,,
France,46.954994, 2.396425,2020-04-12,14393
,,,,
France,46.954994, 2.396425,2020-04-11,13832
,,,,
France,46.954994, 2.396425,2020-04-10,13197
,,,,
France,46.954994, 2.396425,2020-04-09,12210
,,,,
France,46.954994, 2.396425,2020-04-08,10869
,,,,
France,46.954994, 2.396425,2020-04-07,10328
,,,,
France,46.954994, 2.396425,2020-04-06,8911
,,,,
France,46.954994, 2.396425,2020-04-05,8078
,,,,
France,46.954994, 2.396425,2020-04-04,7560
,,,,
France,46.954994, 2.396425,2020-04-03,6507
,,,,
France,46.954994, 2.396425,2020-04-02,5387
,,,,
France,46.954994, 2.396425,2020-04-01,4032
,,,,
France,46.954994, 2.396425,2020-03-31,3523
,,,,
France,46.954994, 2.396425,2020-03-30,3024
,,,,
France,46.954994, 2.396425,2020-03-29,2606
,,,,
France,46.954994, 2.396425,2020-03-28,2314
,,,,
France,46.954994, 2.396425,2020-03-27,1995
,,,,
France,46.954994, 2.396425,2020-03-26,1696
,,,,
France,46.954994, 2.396425,2020-03-25,1331
,,,,
France,46.954994, 2.396425,2020-03-24,1100
,,,,
France,46.954994, 2.396425,2020-03-23,860
,,,,
France,46.954994, 2.396425,2020-03-22,674
,,,,
France,46.954994, 2.396425,2020-03-21,562
,,,,
France,46.954994, 2.396425,2020-03-20,450
,,,,
France,46.954994, 2.396425,2020-03-19,372
,,,,
France,46.954994, 2.396425,2020-03-18,264
,,,,
France,46.954994, 2.396425,2020-03-17,175
,,,,
France,46.954994, 2.396425,2020-03-16,148
,,,,
France,46.954994, 2.396425,2020-03-15,127
,,,,
France,46.954994, 2.396425,2020-03-14,91
,,,,
France,46.954994, 2.396425,2020-03-13,79
,,,,
France,46.954994, 2.396425,2020-03-12,61
,,,,
France,46.954994, 2.396425,2020-03-11,48
,,,,
France,46.954994, 2.396425,2020-03-10,33
,,,,
France,46.954994, 2.396425,2020-03-09,25
,,,,
France,46.954994, 2.396425,2020-03-08,19
,,,,
France,46.954994, 2.396425,2020-03-07,11
,,,,
France,46.954994, 2.396425,2020-03-06,9
,,,,
France,46.954994, 2.396425,2020-03-05,6
,,,,
France,46.954994, 2.396425,2020-03-04,4
,,,,
France,46.954994, 2.396425,2020-03-03,4
,,,,
France,46.954994, 2.396425,2020-03-02,3
,,,,
France,46.954994, 2.396425,2020-03-01,2
,,,,
France,46.954994, 2.396425,2020-02-29,2
,,,,
France,46.954994, 2.396425,2020-02-28,2
,,,,
France,46.954994, 2.396425,2020-02-27,2
,,,,
France,46.954994, 2.396425,2020-02-26,2
,,,,
France,46.954994, 2.396425,2020-02-25,1
,,,,
France,46.954994, 2.396425,2020-02-24,1
,,,,
France,46.954994, 2.396425,2020-02-23,1
,,,,
France,46.954994, 2.396425,2020-02-22,1
,,,,
France,46.954994, 2.396425,2020-02-21,1
,,,,
France,46.954994, 2.396425,2020-02-20,1
,,,,
France,46.954994, 2.396425,2020-02-19,1
,,,,
France,46.954994, 2.396425,2020-02-18,1
,,,,
France,46.954994, 2.396425,2020-02-17,1
,,,,
France,46.954994, 2.396425,2020-02-16,1
,,,,
France,46.954994, 2.396425,2020-02-15,1
,,,,
France,46.954994, 2.396425,2020-02-14,0
,,,,
France,46.954994, 2.396425,2020-02-13,0
,,,,
France,46.954994, 2.396425,2020-02-12,0
,,,,
France,46.954994, 2.396425,2020-02-11,0
,,,,
France,46.954994, 2.396425,2020-02-10,0
,,,,
France,46.954994, 2.396425,2020-02-09,0
,,,,
France,46.954994, 2.396425,2020-02-08,0
,,,,
France,46.954994, 2.396425,2020-02-07,0
,,,,
France,46.954994, 2.396425,2020-02-06,0
,,,,
France,46.954994, 2.396425,2020-02-05,0
,,,,
France,46.954994, 2.396425,2020-02-04,0
,,,,
France,46.954994, 2.396425,2020-02-03,0
,,,,
France,46.954994, 2.396425,2020-02-02,0
,,,,
France,46.954994, 2.396425,2020-02-01,0
,,,,
France,46.954994, 2.396425,2020-01-31,0
,,,,
France,46.954994, 2.396425,2020-01-30,0
,,,,
France,46.954994, 2.396425,2020-01-29,0
,,,,
France,46.954994, 2.396425,2020-01-28,0
,,,,
France,46.954994, 2.396425,2020-01-27,0
,,,,
France,46.954994, 2.396425,2020-01-26,0
,,,,
France,46.954994, 2.396425,2020-01-25,0
,,,,
France,46.954994, 2.396425,2020-01-24,0
,,,,
Grèce,39.091474,21.932379,2020-04-28,136
,,,,
Grèce,39.091474,21.932379,2020-04-27,136
,,,,
Grèce,39.091474,21.932379,2020-04-26,134
,,,,
Grèce,39.091474,21.932379,2020-04-25,130
,,,,
Grèce,39.091474,21.932379,2020-04-24,130
,,,,
Grèce,39.091474,21.932379,2020-04-23,125
,,,,
Grèce,39.091474,21.932379,2020-04-22,121
,,,,
Grèce,39.091474,21.932379,2020-04-21,121
,,,,
Grèce,39.091474,21.932379,2020-04-20,116
,,,,
Grèce,39.091474,21.932379,2020-04-19,113
,,,,
Grèce,39.091474,21.932379,2020-04-18,110
,,,,
Grèce,39.091474,21.932379,2020-04-17,108
,,,,
Grèce,39.091474,21.932379,2020-04-16,105
,,,,
Grèce,39.091474,21.932379,2020-04-15,102
,,,,
Grèce,39.091474,21.932379,2020-04-14,101
,,,,
Grèce,39.091474,21.932379,2020-04-13,99
,,,,
Grèce,39.091474,21.932379,2020-04-12,98
,,,,
Grèce,39.091474,21.932379,2020-04-11,93
,,,,
Grèce,39.091474,21.932379,2020-04-10,92
,,,,
Grèce,39.091474,21.932379,2020-04-09,87
,,,,
Grèce,39.091474,21.932379,2020-04-08,83
,,,,
Grèce,39.091474,21.932379,2020-04-07,81
,,,,
Grèce,39.091474,21.932379,2020-04-06,79
,,,,
Grèce,39.091474,21.932379,2020-04-05,73
,,,,
Grèce,39.091474,21.932379,2020-04-04,68
,,,,
Grèce,39.091474,21.932379,2020-04-03,63
,,,,
Grèce,39.091474,21.932379,2020-04-02,53
,,,,
Grèce,39.091474,21.932379,2020-04-01,50
,,,,
Grèce,39.091474,21.932379,2020-03-31,49
,,,,
Grèce,39.091474,21.932379,2020-03-30,43
,,,,
Grèce,39.091474,21.932379,2020-03-29,38
,,,,
Grèce,39.091474,21.932379,2020-03-28,32
,,,,
Grèce,39.091474,21.932379,2020-03-27,28
,,,,
Grèce,39.091474,21.932379,2020-03-26,26
,,,,
Grèce,39.091474,21.932379,2020-03-25,22
,,,,
Grèce,39.091474,21.932379,2020-03-24,20
,,,,
Grèce,39.091474,21.932379,2020-03-23,17
,,,,
Grèce,39.091474,21.932379,2020-03-22,15
,,,,
Grèce,39.091474,21.932379,2020-03-21,13
,,,,
Grèce,39.091474,21.932379,2020-03-20,6
,,,,
Grèce,39.091474,21.932379,2020-03-19,6
,,,,
Grèce,39.091474,21.932379,2020-03-18,5
,,,,
Grèce,39.091474,21.932379,2020-03-17,5
,,,,
Grèce,39.091474,21.932379,2020-03-16,4
,,,,
Grèce,39.091474,21.932379,2020-03-15,4
,,,,
Grèce,39.091474,21.932379,2020-03-14,3
,,,,
Grèce,39.091474,21.932379,2020-03-13,1
,,,,
Grèce,39.091474,21.932379,2020-03-12,1
,,,,
Grèce,39.091474,21.932379,2020-03-11,1
,,,,
Grèce,39.091474,21.932379,2020-03-10,0
,,,,
Grèce,39.091474,21.932379,2020-03-09,0
,,,,
Grèce,39.091474,21.932379,2020-03-08,0
,,,,
Grèce,39.091474,21.932379,2020-03-07,0
,,,,
Grèce,39.091474,21.932379,2020-03-06,0
,,,,
Grèce,39.091474,21.932379,2020-03-05,0
,,,,
Grèce,39.091474,21.932379,2020-03-04,0
,,,,
Grèce,39.091474,21.932379,2020-03-03,0
,,,,
Grèce,39.091474,21.932379,2020-03-02,0
,,,,
Grèce,39.091474,21.932379,2020-03-01,0
,,,,
Grèce,39.091474,21.932379,2020-02-29,0
,,,,
Grèce,39.091474,21.932379,2020-02-28,0
,,,,
Grèce,39.091474,21.932379,2020-02-27,0
,,,,
Grèce,39.091474,21.932379,2020-02-26,0
,,,,
Irlande,52.865196,-7.979459,2020-04-28,1102
,,,,
Irlande,52.865196,-7.979459,2020-04-27,1102
,,,,
Irlande,52.865196,-7.979459,2020-04-26,1087
,,,,
Irlande,52.865196,-7.979459,2020-04-25,1063
,,,,
Irlande,52.865196,-7.979459,2020-04-24,1014
,,,,
Irlande,52.865196,-7.979459,2020-04-23,794
,,,,
Irlande,52.865196,-7.979459,2020-04-22,769
,,,,
Irlande,52.865196,-7.979459,2020-04-21,730
,,,,
Irlande,52.865196,-7.979459,2020-04-20,687
,,,,
Irlande,52.865196,-7.979459,2020-04-19,610
,,,,
Irlande,52.865196,-7.979459,2020-04-18,571
,,,,
Irlande,52.865196,-7.979459,2020-04-17,530
,,,,
Irlande,52.865196,-7.979459,2020-04-16,486
,,,,
Irlande,52.865196,-7.979459,2020-04-15,444
,,,,
Irlande,52.865196,-7.979459,2020-04-14,406
,,,,
Irlande,52.865196,-7.979459,2020-04-13,365
,,,,
Irlande,52.865196,-7.979459,2020-04-12,334
,,,,
Irlande,52.865196,-7.979459,2020-04-11,320
,,,,
Irlande,52.865196,-7.979459,2020-04-10,287
,,,,
Irlande,52.865196,-7.979459,2020-04-09,263
,,,,
Irlande,52.865196,-7.979459,2020-04-08,235
,,,,
Irlande,52.865196,-7.979459,2020-04-07,210
,,,,
Irlande,52.865196,-7.979459,2020-04-06,174
,,,,
Irlande,52.865196,-7.979459,2020-04-05,158
,,,,
Irlande,52.865196,-7.979459,2020-04-04,137
,,,,
Irlande,52.865196,-7.979459,2020-04-03,120
,,,,
Irlande,52.865196,-7.979459,2020-04-02,98
,,,,
Irlande,52.865196,-7.979459,2020-04-01,85
,,,,
Irlande,52.865196,-7.979459,2020-03-31,71
,,,,
Irlande,52.865196,-7.979459,2020-03-30,54
,,,,
Irlande,52.865196,-7.979459,2020-03-29,46
,,,,
Irlande,52.865196,-7.979459,2020-03-28,36
,,,,
Irlande,52.865196,-7.979459,2020-03-27,22
,,,,
Irlande,52.865196,-7.979459,2020-03-26,19
,,,,
Irlande,52.865196,-7.979459,2020-03-25,9
,,,,
Irlande,52.865196,-7.979459,2020-03-24,7
,,,,
Irlande,52.865196,-7.979459,2020-03-23,6
,,,,
Irlande,52.865196,-7.979459,2020-03-22,4
,,,,
Irlande,52.865196,-7.979459,2020-03-21,3
,,,,
Irlande,52.865196,-7.979459,2020-03-20,3
,,,,
Irlande,52.865196,-7.979459,2020-03-19,3
,,,,
Irlande,52.865196,-7.979459,2020-03-18,2
,,,,
Irlande,52.865196,-7.979459,2020-03-17,2
,,,,
Irlande,52.865196,-7.979459,2020-03-16,2
,,,,
Irlande,52.865196,-7.979459,2020-03-15,2
,,,,
Irlande,52.865196,-7.979459,2020-03-14,2
,,,,
Irlande,52.865196,-7.979459,2020-03-13,1
,,,,
Irlande,52.865196,-7.979459,2020-03-12,1
,,,,
Irlande,52.865196,-7.979459,2020-03-11,1
,,,,
Irlande,52.865196,-7.979459,2020-03-10,0
,,,,
Irlande,52.865196,-7.979459,2020-03-09,0
,,,,
Irlande,52.865196,-7.979459,2020-03-08,0
,,,,
Irlande,52.865196,-7.979459,2020-03-07,0
,,,,
Irlande,52.865196,-7.979459,2020-03-06,0
,,,,
Irlande,52.865196,-7.979459,2020-03-05,0
,,,,
Irlande,52.865196,-7.979459,2020-03-04,0
,,,,
Irlande,52.865196,-7.979459,2020-03-03,0
,,,,
Irlande,52.865196,-7.979459,2020-03-02,0
,,,,
Irlande,52.865196,-7.979459,2020-03-01,0
,,,,
Irlande,52.865196,-7.979459,2020-02-29,0
,,,,
Italie,42.099006,13.518622,2020-04-28,26977
,,,,
Italie,42.099006,13.518622,2020-04-27,26977
,,,,
Italie,42.099006,13.518622,2020-04-26,26644
,,,,
Italie,42.099006,13.518622,2020-04-25,26384
,,,,
Italie,42.099006,13.518622,2020-04-24,25969
,,,,
Italie,42.099006,13.518622,2020-04-23,25549
,,,,
Italie,42.099006,13.518622,2020-04-22,25085
,,,,
Italie,42.099006,13.518622,2020-04-21,24648
,,,,
Italie,42.099006,13.518622,2020-04-20,24114
,,,,
Italie,42.099006,13.518622,2020-04-19,23660
,,,,
Italie,42.099006,13.518622,2020-04-18,23227
,,,,
Italie,42.099006,13.518622,2020-04-17,22745
,,,,
Italie,42.099006,13.518622,2020-04-16,22170
,,,,
Italie,42.099006,13.518622,2020-04-15,21645
,,,,
Italie,42.099006,13.518622,2020-04-14,21067
,,,,
Italie,42.099006,13.518622,2020-04-13,20465
,,,,
Italie,42.099006,13.518622,2020-04-12,19899
,,,,
Italie,42.099006,13.518622,2020-04-11,19468
,,,,
Italie,42.099006,13.518622,2020-04-10,18849
,,,,
Italie,42.099006,13.518622,2020-04-09,18279
,,,,
Italie,42.099006,13.518622,2020-04-08,17669
,,,,
Italie,42.099006,13.518622,2020-04-07,17127
,,,,
Italie,42.099006,13.518622,2020-04-06,16523
,,,,
Italie,42.099006,13.518622,2020-04-05,15887
,,,,
Italie,42.099006,13.518622,2020-04-04,15362
,,,,
Italie,42.099006,13.518622,2020-04-03,14681
,,,,
Italie,42.099006,13.518622,2020-04-02,13915
,,,,
Italie,42.099006,13.518622,2020-04-01,13155
,,,,
Italie,42.099006,13.518622,2020-03-31,12428
,,,,
Italie,42.099006,13.518622,2020-03-30,11591
,,,,
Italie,42.099006,13.518622,2020-03-29,10779
,,,,
Italie,42.099006,13.518622,2020-03-28,10023
,,,,
Italie,42.099006,13.518622,2020-03-27,9134
,,,,
Italie,42.099006,13.518622,2020-03-26,8215
,,,,
Italie,42.099006,13.518622,2020-03-25,7503
,,,,
Italie,42.099006,13.518622,2020-03-24,6820
,,,,
Italie,42.099006,13.518622,2020-03-23,6077
,,,,
Italie,42.099006,13.518622,2020-03-22,5476
,,,,
Italie,42.099006,13.518622,2020-03-21,4825
,,,,
Italie,42.099006,13.518622,2020-03-20,4032
,,,,
Italie,42.099006,13.518622,2020-03-19,3405
,,,,
Italie,42.099006,13.518622,2020-03-18,2978
,,,,
Italie,42.099006,13.518622,2020-03-17,2503
,,,,
Italie,42.099006,13.518622,2020-03-16,2158
,,,,
Italie,42.099006,13.518622,2020-03-15,1809
,,,,
Italie,42.099006,13.518622,2020-03-14,1441
,,,,
Italie,42.099006,13.518622,2020-03-13,1266
,,,,
Italie,42.099006,13.518622,2020-03-12,1016
,,,,
Italie,42.099006,13.518622,2020-03-11,827
,,,,
Italie,42.099006,13.518622,2020-03-10,631
,,,,
Italie,42.099006,13.518622,2020-03-09,463
,,,,
Italie,42.099006,13.518622,2020-03-08,366
,,,,
Italie,42.099006,13.518622,2020-03-07,233
,,,,
Italie,42.099006,13.518622,2020-03-06,197
,,,,
Italie,42.099006,13.518622,2020-03-05,148
,,,,
Italie,42.099006,13.518622,2020-03-04,107
,,,,
Italie,42.099006,13.518622,2020-03-03,79
,,,,
Italie,42.099006,13.518622,2020-03-02,52
,,,,
Italie,42.099006,13.518622,2020-03-01,34
,,,,
Italie,42.099006,13.518622,2020-02-29,29
,,,,
Italie,42.099006,13.518622,2020-02-28,21
,,,,
Italie,42.099006,13.518622,2020-02-27,17
,,,,
Italie,42.099006,13.518622,2020-02-26,12
,,,,
Italie,42.099006,13.518622,2020-02-25,10
,,,,
Italie,42.099006,13.518622,2020-02-24,7
,,,,
Italie,42.099006,13.518622,2020-02-23,3
,,,,
Italie,42.099006,13.518622,2020-02-22,2
,,,,
Italie,42.099006,13.518622,2020-02-21,1
,,,,
Italie,42.099006,13.518622,2020-02-20,0
,,,,
Italie,42.099006,13.518622,2020-02-19,0
,,,,
Italie,42.099006,13.518622,2020-02-18,0
,,,,
Italie,42.099006,13.518622,2020-02-17,0
,,,,
Italie,42.099006,13.518622,2020-02-16,0
,,,,
Italie,42.099006,13.518622,2020-02-15,0
,,,,
Italie,42.099006,13.518622,2020-02-14,0
,,,,
Italie,42.099006,13.518622,2020-02-13,0
,,,,
Italie,42.099006,13.518622,2020-02-12,0
,,,,
Italie,42.099006,13.518622,2020-02-11,0
,,,,
Italie,42.099006,13.518622,2020-02-10,0
,,,,
Italie,42.099006,13.518622,2020-02-09,0
,,,,
Italie,42.099006,13.518622,2020-02-08,0
,,,,
Italie,42.099006,13.518622,2020-02-07,0
,,,,
Italie,42.099006,13.518622,2020-02-06,0
,,,,
Italie,42.099006,13.518622,2020-02-05,0
,,,,
Italie,42.099006,13.518622,2020-02-04,0
,,,,
Italie,42.099006,13.518622,2020-02-03,0
,,,,
Italie,42.099006,13.518622,2020-02-02,0
,,,,
Italie,42.099006,13.518622,2020-02-01,0
,,,,
Italie,42.099006,13.518622,2020-01-31,0
,,,,
Lettonie,56.840649,24.753764,2020-04-28,13
,,,,
Lettonie,56.840649,24.753764,2020-04-27,13
,,,,
Lettonie,56.840649,24.753764,2020-04-26,12
,,,,
Lettonie,56.840649,24.753764,2020-04-25,12
,,,,
Lettonie,56.840649,24.753764,2020-04-24,12
,,,,
Lettonie,56.840649,24.753764,2020-04-23,11
,,,,
Lettonie,56.840649,24.753764,2020-04-22,11
,,,,
Lettonie,56.840649,24.753764,2020-04-21,9
,,,,
Lettonie,56.840649,24.753764,2020-04-20,5
,,,,
Lettonie,56.840649,24.753764,2020-04-19,5
,,,,
Lettonie,56.840649,24.753764,2020-04-18,5
,,,,
Lettonie,56.840649,24.753764,2020-04-17,5
,,,,
Lettonie,56.840649,24.753764,2020-04-16,5
,,,,
Lettonie,56.840649,24.753764,2020-04-15,5
,,,,
Lettonie,56.840649,24.753764,2020-04-14,5
,,,,
Lettonie,56.840649,24.753764,2020-04-13,5
,,,,
Lettonie,56.840649,24.753764,2020-04-12,5
,,,,
Lettonie,56.840649,24.753764,2020-04-11,3
,,,,
Lettonie,56.840649,24.753764,2020-04-10,3
,,,,
Lettonie,56.840649,24.753764,2020-04-09,3
,,,,
Lettonie,56.840649,24.753764,2020-04-08,2
,,,,
Lettonie,56.840649,24.753764,2020-04-07,2
,,,,
Lettonie,56.840649,24.753764,2020-04-06,1
,,,,
Lettonie,56.840649,24.753764,2020-04-05,1
,,,,
Lettonie,56.840649,24.753764,2020-04-04,1
,,,,
Lettonie,56.840649,24.753764,2020-04-03,1
,,,,
Lettonie,56.840649,24.753764,2020-04-02,0
,,,,
Lettonie,56.840649,24.753764,2020-04-01,0
,,,,
Lettonie,56.840649,24.753764,2020-03-31,0
,,,,
Lettonie,56.840649,24.753764,2020-03-30,0
,,,,
Lettonie,56.840649,24.753764,2020-03-29,0
,,,,
Lettonie,56.840649,24.753764,2020-03-28,0
,,,,
Lettonie,56.840649,24.753764,2020-03-27,0
,,,,
Lettonie,56.840649,24.753764,2020-03-26,0
,,,,
Lettonie,56.840649,24.753764,2020-03-25,0
,,,,
Lettonie,56.840649,24.753764,2020-03-24,0
,,,,
Lettonie,56.840649,24.753764,2020-03-23,0
,,,,
Lettonie,56.840649,24.753764,2020-03-22,0
,,,,
Lettonie,56.840649,24.753764,2020-03-21,0
,,,,
Lettonie,56.840649,24.753764,2020-03-20,0
,,,,
Lettonie,56.840649,24.753764,2020-03-19,0
,,,,
Lettonie,56.840649,24.753764,2020-03-18,0
,,,,
Lettonie,56.840649,24.753764,2020-03-17,0
,,,,
Lettonie,56.840649,24.753764,2020-03-16,0
,,,,
Lettonie,56.840649,24.753764,2020-03-15,0
,,,,
Lettonie,56.840649,24.753764,2020-03-14,0
,,,,
Lettonie,56.840649,24.753764,2020-03-13,0
,,,,
Lettonie,56.840649,24.753764,2020-03-12,0
,,,,
Lettonie,56.840649,24.753764,2020-03-11,0
,,,,
Lettonie,56.840649,24.753764,2020-03-10,0
,,,,
Lettonie,56.840649,24.753764,2020-03-09,0
,,,,
Lettonie,56.840649,24.753764,2020-03-08,0
,,,,
Lettonie,56.840649,24.753764,2020-03-07,0
,,,,
Lettonie,56.840649,24.753764,2020-03-06,0
,,,,
Lettonie,56.840649,24.753764,2020-03-05,0
,,,,
Lettonie,56.840649,24.753764,2020-03-04,0
,,,,
Lettonie,56.840649,24.753764,2020-03-03,0
,,,,
Lettonie,56.840649,24.753764,2020-03-02,0
,,,,
Lituanie,55.350000,23.749999,2020-04-28,44
,,,,
Lituanie,55.350000,23.749999,2020-04-27,41
,,,,
Lituanie,55.350000,23.749999,2020-04-26,41
,,,,
Lituanie,55.350000,23.749999,2020-04-25,41
,,,,
Lituanie,55.350000,23.749999,2020-04-24,40
,,,,
Lituanie,55.350000,23.749999,2020-04-23,40
,,,,
Lituanie,55.350000,23.749999,2020-04-22,38
,,,,
Lituanie,55.350000,23.749999,2020-04-21,38
,,,,
Lituanie,55.350000,23.749999,2020-04-20,37
,,,,
Lituanie,55.350000,23.749999,2020-04-19,35
,,,,
Lituanie,55.350000,23.749999,2020-04-18,33
,,,,
Lituanie,55.350000,23.749999,2020-04-17,33
,,,,
Lituanie,55.350000,23.749999,2020-04-16,32
,,,,
Lituanie,55.350000,23.749999,2020-04-15,30
,,,,
Lituanie,55.350000,23.749999,2020-04-14,29
,,,,
Lituanie,55.350000,23.749999,2020-04-13,24
,,,,
Lituanie,55.350000,23.749999,2020-04-12,23
,,,,
Lituanie,55.350000,23.749999,2020-04-11,23
,,,,
Lituanie,55.350000,23.749999,2020-04-10,22
,,,,
Lituanie,55.350000,23.749999,2020-04-09,16
,,,,
Lituanie,55.350000,23.749999,2020-04-08,15
,,,,
Lituanie,55.350000,23.749999,2020-04-07,15
,,,,
Lituanie,55.350000,23.749999,2020-04-06,15
,,,,
Lituanie,55.350000,23.749999,2020-04-05,13
,,,,
Lituanie,55.350000,23.749999,2020-04-04,11
,,,,
Lituanie,55.350000,23.749999,2020-04-03,9
,,,,
Lituanie,55.350000,23.749999,2020-04-02,9
,,,,
Lituanie,55.350000,23.749999,2020-04-01,8
,,,,
Lituanie,55.350000,23.749999,2020-03-31,8
,,,,
Lituanie,55.350000,23.749999,2020-03-30,7
,,,,
Lituanie,55.350000,23.749999,2020-03-29,7
,,,,
Lituanie,55.350000,23.749999,2020-03-28,7
,,,,
Lituanie,55.350000,23.749999,2020-03-27,5
,,,,
Lituanie,55.350000,23.749999,2020-03-26,4
,,,,
Lituanie,55.350000,23.749999,2020-03-25,4
,,,,
Lituanie,55.350000,23.749999,2020-03-24,2
,,,,
Lituanie,55.350000,23.749999,2020-03-23,1
,,,,
Lituanie,55.350000,23.749999,2020-03-22,1
,,,,
Lituanie,55.350000,23.749999,2020-03-21,1
,,,,
Lituanie,55.350000,23.749999,2020-03-20,0
,,,,
Lituanie,55.350000,23.749999,2020-03-19,0
,,,,
Lituanie,55.350000,23.749999,2020-03-18,0
,,,,
Lituanie,55.350000,23.749999,2020-03-17,0
,,,,
Lituanie,55.350000,23.749999,2020-03-16,0
,,,,
Lituanie,55.350000,23.749999,2020-03-15,0
,,,,
Lituanie,55.350000,23.749999,2020-03-14,0
,,,,
Lituanie,55.350000,23.749999,2020-03-13,0
,,,,
Lituanie,55.350000,23.749999,2020-03-12,0
,,,,
Lituanie,55.350000,23.749999,2020-03-11,0
,,,,
Lituanie,55.350000,23.749999,2020-03-10,0
,,,,
Lituanie,55.350000,23.749999,2020-03-09,0
,,,,
Lituanie,55.350000,23.749999,2020-03-08,0
,,,,
Lituanie,55.350000,23.749999,2020-03-07,0
,,,,
Lituanie,55.350000,23.749999,2020-03-06,0
,,,,
Lituanie,55.350000,23.749999,2020-03-05,0
,,,,
Lituanie,55.350000,23.749999,2020-03-04,0
,,,,
Lituanie,55.350000,23.749999,2020-03-03,0
,,,,
Lituanie,55.350000,23.749999,2020-03-02,0
,,,,
Lituanie,55.350000,23.749999,2020-03-01,0
,,,,
Lituanie,55.350000,23.749999,2020-02-29,0
,,,,
Lituanie,55.350000,23.749999,2020-02-28,0
,,,,
Luxembourg,49.754361,6.117630,2020-04-28,88
,,,,
Luxembourg,49.754361,6.117630,2020-04-27,88
,,,,
Luxembourg,49.754361,6.117630,2020-04-26,88
,,,,
Luxembourg,49.754361,6.117630,2020-04-25,85
,,,,
Luxembourg,49.754361,6.117630,2020-04-24,85
,,,,
Luxembourg,49.754361,6.117630,2020-04-23,83
,,,,
Luxembourg,49.754361,6.117630,2020-04-22,80
,,,,
Luxembourg,49.754361,6.117630,2020-04-21,78
,,,,
Luxembourg,49.754361,6.117630,2020-04-20,75
,,,,
Luxembourg,49.754361,6.117630,2020-04-19,73
,,,,
Luxembourg,49.754361,6.117630,2020-04-18,72
,,,,
Luxembourg,49.754361,6.117630,2020-04-17,72
,,,,
Luxembourg,49.754361,6.117630,2020-04-16,69
,,,,
Luxembourg,49.754361,6.117630,2020-04-15,69
,,,,
Luxembourg,49.754361,6.117630,2020-04-14,67
,,,,
Luxembourg,49.754361,6.117630,2020-04-13,69
,,,,
Luxembourg,49.754361,6.117630,2020-04-12,66
,,,,
Luxembourg,49.754361,6.117630,2020-04-11,62
,,,,
Luxembourg,49.754361,6.117630,2020-04-10,54
,,,,
Luxembourg,49.754361,6.117630,2020-04-09,52
,,,,
Luxembourg,49.754361,6.117630,2020-04-08,46
,,,,
Luxembourg,49.754361,6.117630,2020-04-07,44
,,,,
Luxembourg,49.754361,6.117630,2020-04-06,41
,,,,
Luxembourg,49.754361,6.117630,2020-04-05,36
,,,,
Luxembourg,49.754361,6.117630,2020-04-04,31
,,,,
Luxembourg,49.754361,6.117630,2020-04-03,31
,,,,
Luxembourg,49.754361,6.117630,2020-04-02,30
,,,,
Luxembourg,49.754361,6.117630,2020-04-01,29
,,,,
Luxembourg,49.754361,6.117630,2020-03-31,23
,,,,
Luxembourg,49.754361,6.117630,2020-03-30,22
,,,,
Luxembourg,49.754361,6.117630,2020-03-29,21
,,,,
Luxembourg,49.754361,6.117630,2020-03-28,18
,,,,
Luxembourg,49.754361,6.117630,2020-03-27,15
,,,,
Luxembourg,49.754361,6.117630,2020-03-26,9
,,,,
Luxembourg,49.754361,6.117630,2020-03-25,8
,,,,
Luxembourg,49.754361,6.117630,2020-03-24,8
,,,,
Luxembourg,49.754361,6.117630,2020-03-23,8
,,,,
Luxembourg,49.754361,6.117630,2020-03-22,8
,,,,
Luxembourg,49.754361,6.117630,2020-03-21,8
,,,,
Luxembourg,49.754361,6.117630,2020-03-20,4
,,,,
Luxembourg,49.754361,6.117630,2020-03-19,4
,,,,
Luxembourg,49.754361,6.117630,2020-03-18,2
,,,,
Luxembourg,49.754361,6.117630,2020-03-17,1
,,,,
Luxembourg,49.754361,6.117630,2020-03-16,1
,,,,
Luxembourg,49.754361,6.117630,2020-03-15,1
,,,,
Luxembourg,49.754361,6.117630,2020-03-14,1
,,,,
Luxembourg,49.754361,6.117630,2020-03-13,0
,,,,
Luxembourg,49.754361,6.117630,2020-03-12,0
,,,,
Luxembourg,49.754361,6.117630,2020-03-11,0
,,,,
Luxembourg,49.754361,6.117630,2020-03-10,0
,,,,
Luxembourg,49.754361,6.117630,2020-03-09,0
,,,,
Luxembourg,49.754361,6.117630,2020-03-08,0
,,,,
Luxembourg,49.754361,6.117630,2020-03-07,0
,,,,
Luxembourg,49.754361,6.117630,2020-03-06,0
,,,,
Luxembourg,49.754361,6.117630,2020-03-05,0
,,,,
Luxembourg,49.754361,6.117630,2020-03-04,0
,,,,
Luxembourg,49.754361,6.117630,2020-03-03,0
,,,,
Luxembourg,49.754361,6.117630,2020-03-02,0
,,,,
Luxembourg,49.754361,6.117630,2020-03-01,0
,,,,
Luxembourg,49.754361,6.117630,2020-02-29,0
,,,,
Malte,35.888599,14.447691,2020-04-28,4
,,,,
Malte,35.888599,14.447691,2020-04-27,4
,,,,
Malte,35.888599,14.447691,2020-04-26,4
,,,,
Malte,35.888599,14.447691,2020-04-25,4
,,,,
Malte,35.888599,14.447691,2020-04-24,3
,,,,
Malte,35.888599,14.447691,2020-04-23,3
,,,,
Malte,35.888599,14.447691,2020-04-22,3
,,,,
Malte,35.888599,14.447691,2020-04-21,3
,,,,
Malte,35.888599,14.447691,2020-04-20,3
,,,,
Malte,35.888599,14.447691,2020-04-19,3
,,,,
Malte,35.888599,14.447691,2020-04-18,3
,,,,
Malte,35.888599,14.447691,2020-04-17,3
,,,,
Malte,35.888599,14.447691,2020-04-16,3
,,,,
Malte,35.888599,14.447691,2020-04-15,3
,,,,
Malte,35.888599,14.447691,2020-04-14,3
,,,,
Malte,35.888599,14.447691,2020-04-13,3
,,,,
Malte,35.888599,14.447691,2020-04-12,3
,,,,
Malte,35.888599,14.447691,2020-04-11,3
,,,,
Malte,35.888599,14.447691,2020-04-10,2
,,,,
Malte,35.888599,14.447691,2020-04-09,2
,,,,
Malte,35.888599,14.447691,2020-04-08,1
,,,,
Malte,35.888599,14.447691,2020-04-07,0
,,,,
Malte,35.888599,14.447691,2020-04-06,0
,,,,
Malte,35.888599,14.447691,2020-04-05,0
,,,,
Malte,35.888599,14.447691,2020-04-04,0
,,,,
Malte,35.888599,14.447691,2020-04-03,0
,,,,
Malte,35.888599,14.447691,2020-04-02,0
,,,,
Malte,35.888599,14.447691,2020-04-01,0
,,,,
Malte,35.888599,14.447691,2020-03-31,0
,,,,
Malte,35.888599,14.447691,2020-03-30,0
,,,,
Malte,35.888599,14.447691,2020-03-29,0
,,,,
Malte,35.888599,14.447691,2020-03-28,0
,,,,
Malte,35.888599,14.447691,2020-03-27,0
,,,,
Malte,35.888599,14.447691,2020-03-26,0
,,,,
Malte,35.888599,14.447691,2020-03-25,0
,,,,
Malte,35.888599,14.447691,2020-03-24,0
,,,,
Malte,35.888599,14.447691,2020-03-23,0
,,,,
Malte,35.888599,14.447691,2020-03-22,0
,,,,
Malte,35.888599,14.447691,2020-03-21,0
,,,,
Malte,35.888599,14.447691,2020-03-20,0
,,,,
Malte,35.888599,14.447691,2020-03-19,0
,,,,
Malte,35.888599,14.447691,2020-03-18,0
,,,,
Malte,35.888599,14.447691,2020-03-17,0
,,,,
Malte,35.888599,14.447691,2020-03-16,0
,,,,
Malte,35.888599,14.447691,2020-03-15,0
,,,,
Malte,35.888599,14.447691,2020-03-14,0
,,,,
Malte,35.888599,14.447691,2020-03-13,0
,,,,
Malte,35.888599,14.447691,2020-03-12,0
,,,,
Malte,35.888599,14.447691,2020-03-11,0
,,,,
Malte,35.888599,14.447691,2020-03-10,0
,,,,
Malte,35.888599,14.447691,2020-03-09,0
,,,,
Malte,35.888599,14.447691,2020-03-08,0
,,,,
Malte,35.888599,14.447691,2020-03-07,0
,,,,
Hongrie,47.181758,19.506093,2020-04-28,291
,,,,
Hongrie,47.181758,19.506093,2020-04-27,280
,,,,
Hongrie,47.181758,19.506093,2020-04-26,272
,,,,
Hongrie,47.181758,19.506093,2020-04-25,262
,,,,
Hongrie,47.181758,19.506093,2020-04-24,262
,,,,
Hongrie,47.181758,19.506093,2020-04-23,239
,,,,
Hongrie,47.181758,19.506093,2020-04-22,225
,,,,
Hongrie,47.181758,19.506093,2020-04-21,213
,,,,
Hongrie,47.181758,19.506093,2020-04-20,199
,,,,
Hongrie,47.181758,19.506093,2020-04-19,189
,,,,
Hongrie,47.181758,19.506093,2020-04-18,172
,,,,
Hongrie,47.181758,19.506093,2020-04-17,156
,,,,
Hongrie,47.181758,19.506093,2020-04-16,142
,,,,
Hongrie,47.181758,19.506093,2020-04-15,134
,,,,
Hongrie,47.181758,19.506093,2020-04-14,122
,,,,
Hongrie,47.181758,19.506093,2020-04-13,109
,,,,
Hongrie,47.181758,19.506093,2020-04-12,99
,,,,
Hongrie,47.181758,19.506093,2020-04-11,85
,,,,
Hongrie,47.181758,19.506093,2020-04-10,77
,,,,
Hongrie,47.181758,19.506093,2020-04-09,66
,,,,
Hongrie,47.181758,19.506093,2020-04-08,58
,,,,
Hongrie,47.181758,19.506093,2020-04-07,47
,,,,
Hongrie,47.181758,19.506093,2020-04-06,38
,,,,
Hongrie,47.181758,19.506093,2020-04-05,34
,,,,
Hongrie,47.181758,19.506093,2020-04-04,32
,,,,
Hongrie,47.181758,19.506093,2020-04-03,26
,,,,
Hongrie,47.181758,19.506093,2020-04-02,21
,,,,
Hongrie,47.181758,19.506093,2020-04-01,20
,,,,
Hongrie,47.181758,19.506093,2020-03-31,16
,,,,
Hongrie,47.181758,19.506093,2020-03-30,15
,,,,
Hongrie,47.181758,19.506093,2020-03-29,13
,,,,
Hongrie,47.181758,19.506093,2020-03-28,11
,,,,
Hongrie,47.181758,19.506093,2020-03-27,10
,,,,
Hongrie,47.181758,19.506093,2020-03-26,10
,,,,
Hongrie,47.181758,19.506093,2020-03-25,10
,,,,
Hongrie,47.181758,19.506093,2020-03-24,9
,,,,
Hongrie,47.181758,19.506093,2020-03-23,7
,,,,
Hongrie,47.181758,19.506093,2020-03-22,6
,,,,
Hongrie,47.181758,19.506093,2020-03-21,4
,,,,
Hongrie,47.181758,19.506093,2020-03-20,3
,,,,
Hongrie,47.181758,19.506093,2020-03-19,1
,,,,
Hongrie,47.181758,19.506093,2020-03-18,1
,,,,
Hongrie,47.181758,19.506093,2020-03-17,1
,,,,
Hongrie,47.181758,19.506093,2020-03-16,1
,,,,
Hongrie,47.181758,19.506093,2020-03-15,1
,,,,
Hongrie,47.181758,19.506093,2020-03-14,0
,,,,
Hongrie,47.181758,19.506093,2020-03-13,0
,,,,
Hongrie,47.181758,19.506093,2020-03-12,0
,,,,
Hongrie,47.181758,19.506093,2020-03-11,0
,,,,
Hongrie,47.181758,19.506093,2020-03-10,0
,,,,
Hongrie,47.181758,19.506093,2020-03-09,0
,,,,
Hongrie,47.181758,19.506093,2020-03-08,0
,,,,
Hongrie,47.181758,19.506093,2020-03-07,0
,,,,
Hongrie,47.181758,19.506093,2020-03-06,0
,,,,
Hongrie,47.181758,19.506093,2020-03-05,0
,,,,
Hongrie,47.181758,19.506093,2020-03-04,0
,,,,
Pays-Bas,52.247649,5.541246,2020-04-28,4582
,,,,
Pays-Bas,52.247649,5.541246,2020-04-27,4534
,,,,
Pays-Bas,52.247649,5.541246,2020-04-26,4491
,,,,
Pays-Bas,52.247649,5.541246,2020-04-25,4424
,,,,
Pays-Bas,52.247649,5.541246,2020-04-24,4304
,,,,
Pays-Bas,52.247649,5.541246,2020-04-23,4192
,,,,
Pays-Bas,52.247649,5.541246,2020-04-22,4068
,,,,
Pays-Bas,52.247649,5.541246,2020-04-21,3929
,,,,
Pays-Bas,52.247649,5.541246,2020-04-20,3764
,,,,
Pays-Bas,52.247649,5.541246,2020-04-19,3697
,,,,
Pays-Bas,52.247649,5.541246,2020-04-18,3613
,,,,
Pays-Bas,52.247649,5.541246,2020-04-17,3471
,,,,
Pays-Bas,52.247649,5.541246,2020-04-16,3327
,,,,
Pays-Bas,52.247649,5.541246,2020-04-15,3145
,,,,
Pays-Bas,52.247649,5.541246,2020-04-14,2955
,,,,
Pays-Bas,52.247649,5.541246,2020-04-13,2833
,,,,
Pays-Bas,52.247649,5.541246,2020-04-12,2747
,,,,
Pays-Bas,52.247649,5.541246,2020-04-11,2653
,,,,
Pays-Bas,52.247649,5.541246,2020-04-10,2520
,,,,
Pays-Bas,52.247649,5.541246,2020-04-09,2403
,,,,
Pays-Bas,52.247649,5.541246,2020-04-08,2255
,,,,
Pays-Bas,52.247649,5.541246,2020-04-07,2108
,,,,
Pays-Bas,52.247649,5.541246,2020-04-06,1874
,,,,
Pays-Bas,52.247649,5.541246,2020-04-05,1771
,,,,
Pays-Bas,52.247649,5.541246,2020-04-04,1656
,,,,
Pays-Bas,52.247649,5.541246,2020-04-03,1490
,,,,
Pays-Bas,52.247649,5.541246,2020-04-02,1341
,,,,
Pays-Bas,52.247649,5.541246,2020-04-01,1175
,,,,
Pays-Bas,52.247649,5.541246,2020-03-31,1040
,,,,
Pays-Bas,52.247649,5.541246,2020-03-30,865
,,,,
Pays-Bas,52.247649,5.541246,2020-03-29,772
,,,,
Pays-Bas,52.247649,5.541246,2020-03-28,640
,,,,
Pays-Bas,52.247649,5.541246,2020-03-27,547
,,,,
Pays-Bas,52.247649,5.541246,2020-03-26,435
,,,,
Pays-Bas,52.247649,5.541246,2020-03-25,357
,,,,
Pays-Bas,52.247649,5.541246,2020-03-24,277
,,,,
Pays-Bas,52.247649,5.541246,2020-03-23,214
,,,,
Pays-Bas,52.247649,5.541246,2020-03-22,180
,,,,
Pays-Bas,52.247649,5.541246,2020-03-21,137
,,,,
Pays-Bas,52.247649,5.541246,2020-03-20,107
,,,,
Pays-Bas,52.247649,5.541246,2020-03-19,77
,,,,
Pays-Bas,52.247649,5.541246,2020-03-18,58
,,,,
Pays-Bas,52.247649,5.541246,2020-03-17,43
,,,,
Pays-Bas,52.247649,5.541246,2020-03-16,24
,,,,
Pays-Bas,52.247649,5.541246,2020-03-15,20
,,,,
Pays-Bas,52.247649,5.541246,2020-03-14,12
,,,,
Pays-Bas,52.247649,5.541246,2020-03-13,10
,,,,
Pays-Bas,52.247649,5.541246,2020-03-12,5
,,,,
Pays-Bas,52.247649,5.541246,2020-03-11,5
,,,,
Pays-Bas,52.247649,5.541246,2020-03-10,4
,,,,
Pays-Bas,52.247649,5.541246,2020-03-09,3
,,,,
Pays-Bas,52.247649,5.541246,2020-03-08,3
,,,,
Pays-Bas,52.247649,5.541246,2020-03-07,1
,,,,
Pays-Bas,52.247649,5.541246,2020-03-06,1
,,,,
Pays-Bas,52.247649,5.541246,2020-03-05,0
,,,,
Pays-Bas,52.247649,5.541246,2020-03-04,0
,,,,
Pays-Bas,52.247649,5.541246,2020-03-03,0
,,,,
Pays-Bas,52.247649,5.541246,2020-03-02,0
,,,,
Pays-Bas,52.247649,5.541246,2020-03-01,0
,,,,
Pays-Bas,52.247649,5.541246,2020-02-29,0
,,,,
Pays-Bas,52.247649,5.541246,2020-02-28,0
,,,,
Pays-Bas,52.247649,5.541246,2020-02-27,0
,,,,
Pologne,52.215933,19.134422,2020-04-28,570
,,,,
Pologne,52.215933,19.134422,2020-04-27,562
,,,,
Pologne,52.215933,19.134422,2020-04-26,535
,,,,
Pologne,52.215933,19.134422,2020-04-25,524
,,,,
Pologne,52.215933,19.134422,2020-04-24,494
,,,,
Pologne,52.215933,19.134422,2020-04-23,454
,,,,
Pologne,52.215933,19.134422,2020-04-22,426
,,,,
Pologne,52.215933,19.134422,2020-04-21,401
,,,,
Pologne,52.215933,19.134422,2020-04-20,380
,,,,
Pologne,52.215933,19.134422,2020-04-19,360
,,,,
Pologne,52.215933,19.134422,2020-04-18,347
,,,,
Pologne,52.215933,19.134422,2020-04-17,332
,,,,
Pologne,52.215933,19.134422,2020-04-16,314
,,,,
Pologne,52.215933,19.134422,2020-04-15,286
,,,,
Pologne,52.215933,19.134422,2020-04-14,263
,,,,
Pologne,52.215933,19.134422,2020-04-13,245
,,,,
Pologne,52.215933,19.134422,2020-04-12,232
,,,,
Pologne,52.215933,19.134422,2020-04-11,208
,,,,
Pologne,52.215933,19.134422,2020-04-10,181
,,,,
Pologne,52.215933,19.134422,2020-04-09,174
,,,,
Pologne,52.215933,19.134422,2020-04-08,159
,,,,
Pologne,52.215933,19.134422,2020-04-07,129
,,,,
Pologne,52.215933,19.134422,2020-04-06,107
,,,,
Pologne,52.215933,19.134422,2020-04-05,94
,,,,
Pologne,52.215933,19.134422,2020-04-04,79
,,,,
Pologne,52.215933,19.134422,2020-04-03,71
,,,,
Pologne,52.215933,19.134422,2020-04-02,57
,,,,
Pologne,52.215933,19.134422,2020-04-01,43
,,,,
Pologne,52.215933,19.134422,2020-03-31,33
,,,,
Pologne,52.215933,19.134422,2020-03-30,31
,,,,
Pologne,52.215933,19.134422,2020-03-29,22
,,,,
Pologne,52.215933,19.134422,2020-03-28,18
,,,,
Pologne,52.215933,19.134422,2020-03-27,16
,,,,
Pologne,52.215933,19.134422,2020-03-26,16
,,,,
Pologne,52.215933,19.134422,2020-03-25,14
,,,,
Pologne,52.215933,19.134422,2020-03-24,10
,,,,
Pologne,52.215933,19.134422,2020-03-23,8
,,,,
Pologne,52.215933,19.134422,2020-03-22,7
,,,,
Pologne,52.215933,19.134422,2020-03-21,5
,,,,
Pologne,52.215933,19.134422,2020-03-20,5
,,,,
Pologne,52.215933,19.134422,2020-03-19,5
,,,,
Pologne,52.215933,19.134422,2020-03-18,5
,,,,
Pologne,52.215933,19.134422,2020-03-17,5
,,,,
Pologne,52.215933,19.134422,2020-03-16,4
,,,,
Pologne,52.215933,19.134422,2020-03-15,3
,,,,
Pologne,52.215933,19.134422,2020-03-14,3
,,,,
Pologne,52.215933,19.134422,2020-03-13,2
,,,,
Pologne,52.215933,19.134422,2020-03-12,1
,,,,
Pologne,52.215933,19.134422,2020-03-11,0
,,,,
Pologne,52.215933,19.134422,2020-03-10,0
,,,,
Pologne,52.215933,19.134422,2020-03-09,0
,,,,
Pologne,52.215933,19.134422,2020-03-08,0
,,,,
Pologne,52.215933,19.134422,2020-03-07,0
,,,,
Pologne,52.215933,19.134422,2020-03-06,0
,,,,
Pologne,52.215933,19.134422,2020-03-05,0
,,,,
Pologne,52.215933,19.134422,2020-03-04,0
,,,,
Portugal,39.824872,-8.408225,2020-04-28,948
,,,,
Portugal,39.824872,-8.408225,2020-04-27,928
,,,,
Portugal,39.824872,-8.408225,2020-04-26,903
,,,,
Portugal,39.824872,-8.408225,2020-04-25,880
,,,,
Portugal,39.824872,-8.408225,2020-04-24,854
,,,,
Portugal,39.824872,-8.408225,2020-04-23,820
,,,,
Portugal,39.824872,-8.408225,2020-04-22,785
,,,,
Portugal,39.824872,-8.408225,2020-04-21,762
,,,,
Portugal,39.824872,-8.408225,2020-04-20,735
,,,,
Portugal,39.824872,-8.408225,2020-04-19,714
,,,,
Portugal,39.824872,-8.408225,2020-04-18,687
,,,,
Portugal,39.824872,-8.408225,2020-04-17,657
,,,,
Portugal,39.824872,-8.408225,2020-04-16,629
,,,,
Portugal,39.824872,-8.408225,2020-04-15,599
,,,,
Portugal,39.824872,-8.408225,2020-04-14,567
,,,,
Portugal,39.824872,-8.408225,2020-04-13,535
,,,,
Portugal,39.824872,-8.408225,2020-04-12,504
,,,,
Portugal,39.824872,-8.408225,2020-04-11,470
,,,,
Portugal,39.824872,-8.408225,2020-04-10,435
,,,,
Portugal,39.824872,-8.408225,2020-04-09,409
,,,,
Portugal,39.824872,-8.408225,2020-04-08,380
,,,,
Portugal,39.824872,-8.408225,2020-04-07,345
,,,,
Portugal,39.824872,-8.408225,2020-04-06,311
,,,,
Portugal,39.824872,-8.408225,2020-04-05,295
,,,,
Portugal,39.824872,-8.408225,2020-04-04,266
,,,,
Portugal,39.824872,-8.408225,2020-04-03,246
,,,,
Portugal,39.824872,-8.408225,2020-04-02,209
,,,,
Portugal,39.824872,-8.408225,2020-04-01,187
,,,,
Portugal,39.824872,-8.408225,2020-03-31,160
,,,,
Portugal,39.824872,-8.408225,2020-03-30,140
,,,,
Portugal,39.824872,-8.408225,2020-03-29,119
,,,,
Portugal,39.824872,-8.408225,2020-03-28,100
,,,,
Portugal,39.824872,-8.408225,2020-03-27,76
,,,,
Portugal,39.824872,-8.408225,2020-03-26,60
,,,,
Portugal,39.824872,-8.408225,2020-03-25,43
,,,,
Portugal,39.824872,-8.408225,2020-03-24,33
,,,,
Portugal,39.824872,-8.408225,2020-03-23,23
,,,,
Portugal,39.824872,-8.408225,2020-03-22,14
,,,,
Portugal,39.824872,-8.408225,2020-03-21,12
,,,,
Portugal,39.824872,-8.408225,2020-03-20,6
,,,,
Portugal,39.824872,-8.408225,2020-03-19,3
,,,,
Portugal,39.824872,-8.408225,2020-03-18,2
,,,,
Portugal,39.824872,-8.408225,2020-03-17,1
,,,,
Portugal,39.824872,-8.408225,2020-03-16,0
,,,,
Portugal,39.824872,-8.408225,2020-03-15,0
,,,,
Portugal,39.824872,-8.408225,2020-03-14,0
,,,,
Portugal,39.824872,-8.408225,2020-03-13,0
,,,,
Portugal,39.824872,-8.408225,2020-03-12,0
,,,,
Portugal,39.824872,-8.408225,2020-03-11,0
,,,,
Portugal,39.824872,-8.408225,2020-03-10,0
,,,,
Portugal,39.824872,-8.408225,2020-03-09,0
,,,,
Portugal,39.824872,-8.408225,2020-03-08,0
,,,,
Portugal,39.824872,-8.408225,2020-03-07,0
,,,,
Portugal,39.824872,-8.408225,2020-03-06,0
,,,,
Portugal,39.824872,-8.408225,2020-03-05,0
,,,,
Portugal,39.824872,-8.408225,2020-03-04,0
,,,,
Portugal,39.824872,-8.408225,2020-03-03,0
,,,,
Portugal,39.824872,-8.408225,2020-03-02,0
,,,,
République Tchèque,49.816700,15.474954,2020-04-28,223
,,,,
République Tchèque,49.816700,15.474954,2020-04-27,223
,,,,
République Tchèque,49.816700,15.474954,2020-04-26,220
,,,,
République Tchèque,49.816700,15.474954,2020-04-25,218
,,,,
République Tchèque,49.816700,15.474954,2020-04-24,214
,,,,
République Tchèque,49.816700,15.474954,2020-04-23,210
,,,,
République Tchèque,49.816700,15.474954,2020-04-22,208
,,,,
République Tchèque,49.816700,15.474954,2020-04-21,201
,,,,
République Tchèque,49.816700,15.474954,2020-04-20,194
,,,,
République Tchèque,49.816700,15.474954,2020-04-19,186
,,,,
République Tchèque,49.816700,15.474954,2020-04-18,181
,,,,
République Tchèque,49.816700,15.474954,2020-04-17,173
,,,,
République Tchèque,49.816700,15.474954,2020-04-16,169
,,,,
République Tchèque,49.816700,15.474954,2020-04-15,166
,,,,
République Tchèque,49.816700,15.474954,2020-04-14,161
,,,,
République Tchèque,49.816700,15.474954,2020-04-13,143
,,,,
République Tchèque,49.816700,15.474954,2020-04-12,138
,,,,
République Tchèque,49.816700,15.474954,2020-04-11,129
,,,,
République Tchèque,49.816700,15.474954,2020-04-10,119
,,,,
République Tchèque,49.816700,15.474954,2020-04-09,112
,,,,
République Tchèque,49.816700,15.474954,2020-04-08,99
,,,,
République Tchèque,49.816700,15.474954,2020-04-07,88
,,,,
République Tchèque,49.816700,15.474954,2020-04-06,78
,,,,
République Tchèque,49.816700,15.474954,2020-04-05,67
,,,,
République Tchèque,49.816700,15.474954,2020-04-04,59
,,,,
République Tchèque,49.816700,15.474954,2020-04-03,53
,,,,
République Tchèque,49.816700,15.474954,2020-04-02,44
,,,,
République Tchèque,49.816700,15.474954,2020-04-01,39
,,,,
République Tchèque,49.816700,15.474954,2020-03-31,31
,,,,
République Tchèque,49.816700,15.474954,2020-03-30,23
,,,,
République Tchèque,49.816700,15.474954,2020-03-29,16
,,,,
République Tchèque,49.816700,15.474954,2020-03-28,11
,,,,
République Tchèque,49.816700,15.474954,2020-03-27,9
,,,,
République Tchèque,49.816700,15.474954,2020-03-26,9
,,,,
République Tchèque,49.816700,15.474954,2020-03-25,6
,,,,
République Tchèque,49.816700,15.474954,2020-03-24,3
,,,,
République Tchèque,49.816700,15.474954,2020-03-23,1
,,,,
République Tchèque,49.816700,15.474954,2020-03-22,1
,,,,
République Tchèque,49.816700,15.474954,2020-03-21,0
,,,,
République Tchèque,49.816700,15.474954,2020-03-20,0
,,,,
République Tchèque,49.816700,15.474954,2020-03-19,0
,,,,
République Tchèque,49.816700,15.474954,2020-03-18,0
,,,,
République Tchèque,49.816700,15.474954,2020-03-17,0
,,,,
République Tchèque,49.816700,15.474954,2020-03-16,0
,,,,
République Tchèque,49.816700,15.474954,2020-03-15,0
,,,,
République Tchèque,49.816700,15.474954,2020-03-14,0
,,,,
République Tchèque,49.816700,15.474954,2020-03-13,0
,,,,
République Tchèque,49.816700,15.474954,2020-03-12,0
,,,,
République Tchèque,49.816700,15.474954,2020-03-11,0
,,,,
République Tchèque,49.816700,15.474954,2020-03-10,0
,,,,
République Tchèque,49.816700,15.474954,2020-03-09,0
,,,,
République Tchèque,49.816700,15.474954,2020-03-08,0
,,,,
République Tchèque,49.816700,15.474954,2020-03-07,0
,,,,
République Tchèque,49.816700,15.474954,2020-03-06,0
,,,,
République Tchèque,49.816700,15.474954,2020-03-05,0
,,,,
République Tchèque,49.816700,15.474954,2020-03-04,0
,,,,
République Tchèque,49.816700,15.474954,2020-03-03,0
,,,,
République Tchèque,49.816700,15.474954,2020-03-02,0
,,,,
République Tchèque,49.816700,15.474954,2020-03-01,0
,,,,
Roumanie,45.985212,24.685922,2020-04-28,650
,,,,
Roumanie,45.985212,24.685922,2020-04-27,641
,,,,
Roumanie,45.985212,24.685922,2020-04-26,619
,,,,
Roumanie,45.985212,24.685922,2020-04-25,601
,,,,
Roumanie,45.985212,24.685922,2020-04-24,567
,,,,
Roumanie,45.985212,24.685922,2020-04-23,545
,,,,
Roumanie,45.985212,24.685922,2020-04-22,524
,,,,
Roumanie,45.985212,24.685922,2020-04-21,498
,,,,
Roumanie,45.985212,24.685922,2020-04-20,478
,,,,
Roumanie,45.985212,24.685922,2020-04-19,451
,,,,
Roumanie,45.985212,24.685922,2020-04-18,421
,,,,
Roumanie,45.985212,24.685922,2020-04-17,411
,,,,
Roumanie,45.985212,24.685922,2020-04-16,392
,,,,
Roumanie,45.985212,24.685922,2020-04-15,372
,,,,
Roumanie,45.985212,24.685922,2020-04-14,351
,,,,
Roumanie,45.985212,24.685922,2020-04-13,331
,,,,
Roumanie,45.985212,24.685922,2020-04-12,316
,,,,
Roumanie,45.985212,24.685922,2020-04-11,291
,,,,
Roumanie,45.985212,24.685922,2020-04-10,270
,,,,
Roumanie,45.985212,24.685922,2020-04-09,248
,,,,
Roumanie,45.985212,24.685922,2020-04-08,220
,,,,
Roumanie,45.985212,24.685922,2020-04-07,197
,,,,
Roumanie,45.985212,24.685922,2020-04-06,176
,,,,
Roumanie,45.985212,24.685922,2020-04-05,151
,,,,
Roumanie,45.985212,24.685922,2020-04-04,146
,,,,
Roumanie,45.985212,24.685922,2020-04-03,133
,,,,
Roumanie,45.985212,24.685922,2020-04-02,115
,,,,
Roumanie,45.985212,24.685922,2020-04-01,92
,,,,
Roumanie,45.985212,24.685922,2020-03-31,82
,,,,
Roumanie,45.985212,24.685922,2020-03-30,65
,,,,
Roumanie,45.985212,24.685922,2020-03-29,43
,,,,
Roumanie,45.985212,24.685922,2020-03-28,37
,,,,
Roumanie,45.985212,24.685922,2020-03-27,26
,,,,
Roumanie,45.985212,24.685922,2020-03-26,23
,,,,
Roumanie,45.985212,24.685922,2020-03-25,17
,,,,
Roumanie,45.985212,24.685922,2020-03-24,11
,,,,
Roumanie,45.985212,24.685922,2020-03-23,7
,,,,
Roumanie,45.985212,24.685922,2020-03-22,3
,,,,
Roumanie,45.985212,24.685922,2020-03-21,0
,,,,
Roumanie,45.985212,24.685922,2020-03-20,0
,,,,
Roumanie,45.985212,24.685922,2020-03-19,0
,,,,
Roumanie,45.985212,24.685922,2020-03-18,0
,,,,
Roumanie,45.985212,24.685922,2020-03-17,0
,,,,
Roumanie,45.985212,24.685922,2020-03-16,0
,,,,
Roumanie,45.985212,24.685922,2020-03-15,0
,,,,
Roumanie,45.985212,24.685922,2020-03-14,0
,,,,
Roumanie,45.985212,24.685922,2020-03-13,0
,,,,
Roumanie,45.985212,24.685922,2020-03-12,0
,,,,
Roumanie,45.985212,24.685922,2020-03-11,0
,,,,
Roumanie,45.985212,24.685922,2020-03-10,0
,,,,
Roumanie,45.985212,24.685922,2020-03-09,0
,,,,
Roumanie,45.985212,24.685922,2020-03-08,0
,,,,
Roumanie,45.985212,24.685922,2020-03-07,0
,,,,
Roumanie,45.985212,24.685922,2020-03-06,0
,,,,
Roumanie,45.985212,24.685922,2020-03-05,0
,,,,
Roumanie,45.985212,24.685922,2020-03-04,0
,,,,
Roumanie,45.985212,24.685922,2020-03-03,0
,,,,
Roumanie,45.985212,24.685922,2020-03-02,0
,,,,
Roumanie,45.985212,24.685922,2020-03-01,0
,,,,
Roumanie,45.985212,24.685922,2020-02-29,0
,,,,
Roumanie,45.985212,24.685922,2020-02-28,0
,,,,
Roumanie,45.985212,24.685922,2020-02-27,0
,,,,
Roumanie,45.985212,24.685922,2020-02-26,0
,,,,
Slovaquie,48.741152,19.452864,2020-04-28,20
,,,,
Slovaquie,48.741152,19.452864,2020-04-27,18
,,,,
Slovaquie,48.741152,19.452864,2020-04-26,18
,,,,
Slovaquie,48.741152,19.452864,2020-04-25,17
,,,,
Slovaquie,48.741152,19.452864,2020-04-24,17
,,,,
Slovaquie,48.741152,19.452864,2020-04-23,15
,,,,
Slovaquie,48.741152,19.452864,2020-04-22,14
,,,,
Slovaquie,48.741152,19.452864,2020-04-21,14
,,,,
Slovaquie,48.741152,19.452864,2020-04-20,13
,,,,
Slovaquie,48.741152,19.452864,2020-04-19,12
,,,,
Slovaquie,48.741152,19.452864,2020-04-18,11
,,,,
Slovaquie,48.741152,19.452864,2020-04-17,9
,,,,
Slovaquie,48.741152,19.452864,2020-04-16,8
,,,,
Slovaquie,48.741152,19.452864,2020-04-15,6
,,,,
Slovaquie,48.741152,19.452864,2020-04-14,2
,,,,
Slovaquie,48.741152,19.452864,2020-04-13,2
,,,,
Slovaquie,48.741152,19.452864,2020-04-12,2
,,,,
Slovaquie,48.741152,19.452864,2020-04-11,2
,,,,
Slovaquie,48.741152,19.452864,2020-04-10,2
,,,,
Slovaquie,48.741152,19.452864,2020-04-09,2
,,,,
Slovaquie,48.741152,19.452864,2020-04-08,2
,,,,
Slovaquie,48.741152,19.452864,2020-04-07,2
,,,,
Slovaquie,48.741152,19.452864,2020-04-06,2
,,,,
Slovaquie,48.741152,19.452864,2020-04-05,1
,,,,
Slovaquie,48.741152,19.452864,2020-04-04,1
,,,,
Slovaquie,48.741152,19.452864,2020-04-03,1
,,,,
Slovaquie,48.741152,19.452864,2020-04-02,1
,,,,
Slovaquie,48.741152,19.452864,2020-04-01,1
,,,,
Slovaquie,48.741152,19.452864,2020-03-31,0
,,,,
Slovaquie,48.741152,19.452864,2020-03-30,0
,,,,
Slovaquie,48.741152,19.452864,2020-03-29,0
,,,,
Slovaquie,48.741152,19.452864,2020-03-28,0
,,,,
Slovaquie,48.741152,19.452864,2020-03-27,0
,,,,
Slovaquie,48.741152,19.452864,2020-03-26,0
,,,,
Slovaquie,48.741152,19.452864,2020-03-25,0
,,,,
Slovaquie,48.741152,19.452864,2020-03-24,0
,,,,
Slovaquie,48.741152,19.452864,2020-03-23,0
,,,,
Slovaquie,48.741152,19.452864,2020-03-22,0
,,,,
Slovaquie,48.741152,19.452864,2020-03-21,1
,,,,
Slovaquie,48.741152,19.452864,2020-03-20,1
,,,,
Slovaquie,48.741152,19.452864,2020-03-19,1
,,,,
Slovaquie,48.741152,19.452864,2020-03-18,1
,,,,
Slovaquie,48.741152,19.452864,2020-03-17,0
,,,,
Slovaquie,48.741152,19.452864,2020-03-16,0
,,,,
Slovaquie,48.741152,19.452864,2020-03-15,0
,,,,
Slovaquie,48.741152,19.452864,2020-03-14,0
,,,,
Slovaquie,48.741152,19.452864,2020-03-13,0
,,,,
Slovaquie,48.741152,19.452864,2020-03-12,0
,,,,
Slovaquie,48.741152,19.452864,2020-03-11,0
,,,,
Slovaquie,48.741152,19.452864,2020-03-10,0
,,,,
Slovaquie,48.741152,19.452864,2020-03-09,0
,,,,
Slovaquie,48.741152,19.452864,2020-03-08,0
,,,,
Slovaquie,48.741152,19.452864,2020-03-07,0
,,,,
Slovaquie,48.741152,19.452864,2020-03-06,0
,,,,
Slovénie,45.813311,14.480836,2020-04-28,86
,,,,
Slovénie,45.813311,14.480836,2020-04-27,83
,,,,
Slovénie,45.813311,14.480836,2020-04-26,82
,,,,
Slovénie,45.813311,14.480836,2020-04-25,81
,,,,
Slovénie,45.813311,14.480836,2020-04-24,80
,,,,
Slovénie,45.813311,14.480836,2020-04-23,79
,,,,
Slovénie,45.813311,14.480836,2020-04-22,79
,,,,
Slovénie,45.813311,14.480836,2020-04-21,77
,,,,
Slovénie,45.813311,14.480836,2020-04-20,77
,,,,
Slovénie,45.813311,14.480836,2020-04-19,74
,,,,
Slovénie,45.813311,14.480836,2020-04-18,70
,,,,
Slovénie,45.813311,14.480836,2020-04-17,66
,,,,
Slovénie,45.813311,14.480836,2020-04-16,61
,,,,
Slovénie,45.813311,14.480836,2020-04-15,61
,,,,
Slovénie,45.813311,14.480836,2020-04-14,56
,,,,
Slovénie,45.813311,14.480836,2020-04-13,55
,,,,
Slovénie,45.813311,14.480836,2020-04-12,53
,,,,
Slovénie,45.813311,14.480836,2020-04-11,50
,,,,
Slovénie,45.813311,14.480836,2020-04-10,45
,,,,
Slovénie,45.813311,14.480836,2020-04-09,43
,,,,
Slovénie,45.813311,14.480836,2020-04-08,40
,,,,
Slovénie,45.813311,14.480836,2020-04-07,36
,,,,
Slovénie,45.813311,14.480836,2020-04-06,30
,,,,
Slovénie,45.813311,14.480836,2020-04-05,28
,,,,
Slovénie,45.813311,14.480836,2020-04-04,22
,,,,
Slovénie,45.813311,14.480836,2020-04-03,20
,,,,
Slovénie,45.813311,14.480836,2020-04-02,17
,,,,
Slovénie,45.813311,14.480836,2020-04-01,15
,,,,
Slovénie,45.813311,14.480836,2020-03-31,15
,,,,
Slovénie,45.813311,14.480836,2020-03-30,11
,,,,
Slovénie,45.813311,14.480836,2020-03-29,11
,,,,
Slovénie,45.813311,14.480836,2020-03-28,9
,,,,
Slovénie,45.813311,14.480836,2020-03-27,9
,,,,
Slovénie,45.813311,14.480836,2020-03-26,6
,,,,
Slovénie,45.813311,14.480836,2020-03-25,5
,,,,
Slovénie,45.813311,14.480836,2020-03-24,4
,,,,
Slovénie,45.813311,14.480836,2020-03-23,3
,,,,
Slovénie,45.813311,14.480836,2020-03-22,2
,,,,
Slovénie,45.813311,14.480836,2020-03-21,1
,,,,
Slovénie,45.813311,14.480836,2020-03-20,1
,,,,
Slovénie,45.813311,14.480836,2020-03-19,1
,,,,
Slovénie,45.813311,14.480836,2020-03-18,1
,,,,
Slovénie,45.813311,14.480836,2020-03-17,1
,,,,
Slovénie,45.813311,14.480836,2020-03-16,1
,,,,
Slovénie,45.813311,14.480836,2020-03-15,1
,,,,
Slovénie,45.813311,14.480836,2020-03-14,1
,,,,
Slovénie,45.813311,14.480836,2020-03-13,0
,,,,
Slovénie,45.813311,14.480836,2020-03-12,0
,,,,
Slovénie,45.813311,14.480836,2020-03-11,0
,,,,
Slovénie,45.813311,14.480836,2020-03-10,0
,,,,
Slovénie,45.813311,14.480836,2020-03-09,0
,,,,
Slovénie,45.813311,14.480836,2020-03-08,0
,,,,
Slovénie,45.813311,14.480836,2020-03-07,0
,,,,
Slovénie,45.813311,14.480836,2020-03-06,0
,,,,
Slovénie,45.813311,14.480836,2020-03-05,0
,,,,
Suède,59.674971,14.520858,2020-04-28,2355
,,,,
Suède,59.674971,14.520858,2020-04-27,2274
,,,,
Suède,59.674971,14.520858,2020-04-26,2194
,,,,
Suède,59.674971,14.520858,2020-04-25,2192
,,,,
Suède,59.674971,14.520858,2020-04-24,2152
,,,,
Suède,59.674971,14.520858,2020-04-23,2021
,,,,
Suède,59.674971,14.520858,2020-04-22,1937
,,,,
Suède,59.674971,14.520858,2020-04-21,1765
,,,,
Suède,59.674971,14.520858,2020-04-20,1580
,,,,
Suède,59.674971,14.520858,2020-04-19,1540
,,,,
Suède,59.674971,14.520858,2020-04-18,1511
,,,,
Suède,59.674971,14.520858,2020-04-17,1400
,,,,
Suède,59.674971,14.520858,2020-04-16,1333
,,,,
Suède,59.674971,14.520858,2020-04-15,1203
,,,,
Suède,59.674971,14.520858,2020-04-14,1033
,,,,
Suède,59.674971,14.520858,2020-04-13,919
,,,,
Suède,59.674971,14.520858,2020-04-12,899
,,,,
Suède,59.674971,14.520858,2020-04-11,887
,,,,
Suède,59.674971,14.520858,2020-04-10,870
,,,,
Suède,59.674971,14.520858,2020-04-09,793
,,,,
Suède,59.674971,14.520858,2020-04-08,687
,,,,
Suède,59.674971,14.520858,2020-04-07,591
,,,,
Suède,59.674971,14.520858,2020-04-06,477
,,,,
Suède,59.674971,14.520858,2020-04-05,401
,,,,
Suède,59.674971,14.520858,2020-04-04,373
,,,,
Suède,59.674971,14.520858,2020-04-03,358
,,,,
Suède,59.674971,14.520858,2020-04-02,308
,,,,
Suède,59.674971,14.520858,2020-04-01,239
,,,,
Suède,59.674971,14.520858,2020-03-31,180
,,,,
Suède,59.674971,14.520858,2020-03-30,146
,,,,
Suède,59.674971,14.520858,2020-03-29,110
,,,,
Suède,59.674971,14.520858,2020-03-28,105
,,,,
Suède,59.674971,14.520858,2020-03-27,105
,,,,
Suède,59.674971,14.520858,2020-03-26,77
,,,,
Suède,59.674971,14.520858,2020-03-25,62
,,,,
Suède,59.674971,14.520858,2020-03-24,36
,,,,
Suède,59.674971,14.520858,2020-03-23,25
,,,,
Suède,59.674971,14.520858,2020-03-22,21
,,,,
Suède,59.674971,14.520858,2020-03-21,20
,,,,
Suède,59.674971,14.520858,2020-03-20,16
,,,,
Suède,59.674971,14.520858,2020-03-19,11
,,,,
Suède,59.674971,14.520858,2020-03-18,10
,,,,
Suède,59.674971,14.520858,2020-03-17,7
,,,,
Suède,59.674971,14.520858,2020-03-16,6
,,,,
Suède,59.674971,14.520858,2020-03-15,3
,,,,
Suède,59.674971,14.520858,2020-03-14,2
,,,,
Suède,59.674971,14.520858,2020-03-13,1
,,,,
Suède,59.674971,14.520858,2020-03-12,1
,,,,
Suède,59.674971,14.520858,2020-03-11,1
,,,,
Suède,59.674971,14.520858,2020-03-10,0
,,,,
Suède,59.674971,14.520858,2020-03-09,0
,,,,
Suède,59.674971,14.520858,2020-03-08,0
,,,,
Suède,59.674971,14.520858,2020-03-07,0
,,,,
Suède,59.674971,14.520858,2020-03-06,0
,,,,
Suède,59.674971,14.520858,2020-03-05,0
,,,,
Suède,59.674971,14.520858,2020-03-04,0
,,,,
Suède,59.674971,14.520858,2020-03-03,0
,,,,
Suède,59.674971,14.520858,2020-03-02,0
,,,,
Suède,59.674971,14.520858,2020-03-01,0
,,,,
Suède,59.674971,14.520858,2020-02-29,0
,,,,
Suède,59.674971,14.520858,2020-02-28,0
,,,,
Suède,59.674971,14.520858,2020-02-27,0
,,,,
Suède,59.674971,14.520858,2020-02-26,0
,,,,
Suède,59.674971,14.520858,2020-02-25,0
,,,,
Suède,59.674971,14.520858,2020-02-24,0
,,,,
Suède,59.674971,14.520858,2020-02-23,0
,,,,
Suède,59.674971,14.520858,2020-02-22,0
,,,,
Suède,59.674971,14.520858,2020-02-21,0
,,,,
Suède,59.674971,14.520858,2020-02-20,0
,,,,
Suède,59.674971,14.520858,2020-02-19,0
,,,,
Suède,59.674971,14.520858,2020-02-18,0
,,,,
Suède,59.674971,14.520858,2020-02-17,0
,,,,
Suède,59.674971,14.520858,2020-02-16,0
,,,,
Suède,59.674971,14.520858,2020-02-15,0
,,,,
Suède,59.674971,14.520858,2020-02-14,0
,,,,
Suède,59.674971,14.520858,2020-02-13,0
,,,,
Suède,59.674971,14.520858,2020-02-12,0
,,,,
Suède,59.674971,14.520858,2020-02-11,0
,,,,
Suède,59.674971,14.520858,2020-02-10,0
,,,,
Suède,59.674971,14.520858,2020-02-09,0
,,,,
Suède,59.674971,14.520858,2020-02-08,0
,,,,
Suède,59.674971,14.520858,2020-02-07,0
,,,,
Suède,59.674971,14.520858,2020-02-06,0
,,,,
Suède,59.674971,14.520858,2020-02-05,0
,,,,
Suède,59.674971,14.520858,2020-02-04,0
,,,,
Suède,59.674971,14.520858,2020-02-03,0
,,,,
Suède,59.674971,14.520858,2020-02-02,0
,,,,
Suède,59.674971,14.520858,2020-02-01,0
,,,,
Suède,59.674971,14.520858,2020-01-31,0
